--
-- PostgreSQL database dump
--

-- Dumped from database version 14.12 (Ubuntu 14.12-0ubuntu0.22.04.1)
-- Dumped by pg_dump version 14.12 (Ubuntu 14.12-0ubuntu0.22.04.1)

SET statement_timeout = 0;
SET lock_timeout = 0;
SET idle_in_transaction_session_timeout = 0;
SET client_encoding = 'UTF8';
SET standard_conforming_strings = on;
SELECT pg_catalog.set_config('search_path', '', false);
SET check_function_bodies = false;
SET xmloption = content;
SET client_min_messages = warning;
SET row_security = off;

SET default_tablespace = '';

SET default_table_access_method = heap;

--
-- Name: accounts_useraccount; Type: TABLE; Schema: public; Owner: ntl411
--

CREATE TABLE public.accounts_useraccount (
    id bigint NOT NULL,
    password character varying(128) NOT NULL,
    last_login timestamp with time zone,
    is_superuser boolean NOT NULL,
    email character varying(255) NOT NULL,
    name character varying(255) NOT NULL,
    is_active boolean NOT NULL,
    is_staff boolean NOT NULL,
    is_deactivated boolean NOT NULL,
    account_type character varying(255) NOT NULL,
    photo character varying(100) NOT NULL
);


ALTER TABLE public.accounts_useraccount OWNER TO ntl411;

--
-- Name: accounts_useraccount_groups; Type: TABLE; Schema: public; Owner: ntl411
--

CREATE TABLE public.accounts_useraccount_groups (
    id bigint NOT NULL,
    useraccount_id bigint NOT NULL,
    group_id integer NOT NULL
);


ALTER TABLE public.accounts_useraccount_groups OWNER TO ntl411;

--
-- Name: accounts_useraccount_groups_id_seq; Type: SEQUENCE; Schema: public; Owner: ntl411
--

ALTER TABLE public.accounts_useraccount_groups ALTER COLUMN id ADD GENERATED BY DEFAULT AS IDENTITY (
    SEQUENCE NAME public.accounts_useraccount_groups_id_seq
    START WITH 1
    INCREMENT BY 1
    NO MINVALUE
    NO MAXVALUE
    CACHE 1
);


--
-- Name: accounts_useraccount_id_seq; Type: SEQUENCE; Schema: public; Owner: ntl411
--

ALTER TABLE public.accounts_useraccount ALTER COLUMN id ADD GENERATED BY DEFAULT AS IDENTITY (
    SEQUENCE NAME public.accounts_useraccount_id_seq
    START WITH 1
    INCREMENT BY 1
    NO MINVALUE
    NO MAXVALUE
    CACHE 1
);


--
-- Name: accounts_useraccount_user_permissions; Type: TABLE; Schema: public; Owner: ntl411
--

CREATE TABLE public.accounts_useraccount_user_permissions (
    id bigint NOT NULL,
    useraccount_id bigint NOT NULL,
    permission_id integer NOT NULL
);


ALTER TABLE public.accounts_useraccount_user_permissions OWNER TO ntl411;

--
-- Name: accounts_useraccount_user_permissions_id_seq; Type: SEQUENCE; Schema: public; Owner: ntl411
--

ALTER TABLE public.accounts_useraccount_user_permissions ALTER COLUMN id ADD GENERATED BY DEFAULT AS IDENTITY (
    SEQUENCE NAME public.accounts_useraccount_user_permissions_id_seq
    START WITH 1
    INCREMENT BY 1
    NO MINVALUE
    NO MAXVALUE
    CACHE 1
);


--
-- Name: auth_group; Type: TABLE; Schema: public; Owner: ntl411
--

CREATE TABLE public.auth_group (
    id integer NOT NULL,
    name character varying(150) NOT NULL
);


ALTER TABLE public.auth_group OWNER TO ntl411;

--
-- Name: auth_group_id_seq; Type: SEQUENCE; Schema: public; Owner: ntl411
--

ALTER TABLE public.auth_group ALTER COLUMN id ADD GENERATED BY DEFAULT AS IDENTITY (
    SEQUENCE NAME public.auth_group_id_seq
    START WITH 1
    INCREMENT BY 1
    NO MINVALUE
    NO MAXVALUE
    CACHE 1
);


--
-- Name: auth_group_permissions; Type: TABLE; Schema: public; Owner: ntl411
--

CREATE TABLE public.auth_group_permissions (
    id bigint NOT NULL,
    group_id integer NOT NULL,
    permission_id integer NOT NULL
);


ALTER TABLE public.auth_group_permissions OWNER TO ntl411;

--
-- Name: auth_group_permissions_id_seq; Type: SEQUENCE; Schema: public; Owner: ntl411
--

ALTER TABLE public.auth_group_permissions ALTER COLUMN id ADD GENERATED BY DEFAULT AS IDENTITY (
    SEQUENCE NAME public.auth_group_permissions_id_seq
    START WITH 1
    INCREMENT BY 1
    NO MINVALUE
    NO MAXVALUE
    CACHE 1
);


--
-- Name: auth_permission; Type: TABLE; Schema: public; Owner: ntl411
--

CREATE TABLE public.auth_permission (
    id integer NOT NULL,
    name character varying(255) NOT NULL,
    content_type_id integer NOT NULL,
    codename character varying(100) NOT NULL
);


ALTER TABLE public.auth_permission OWNER TO ntl411;

--
-- Name: auth_permission_id_seq; Type: SEQUENCE; Schema: public; Owner: ntl411
--

ALTER TABLE public.auth_permission ALTER COLUMN id ADD GENERATED BY DEFAULT AS IDENTITY (
    SEQUENCE NAME public.auth_permission_id_seq
    START WITH 1
    INCREMENT BY 1
    NO MINVALUE
    NO MAXVALUE
    CACHE 1
);


--
-- Name: bill_productbill; Type: TABLE; Schema: public; Owner: ntl411
--

CREATE TABLE public.bill_productbill (
    id integer NOT NULL,
    date_created timestamp with time zone NOT NULL,
    employee_id integer NOT NULL,
    payment_method character varying(20) NOT NULL,
    customer_id integer NOT NULL
);


ALTER TABLE public.bill_productbill OWNER TO ntl411;

--
-- Name: bill_productbillitem; Type: TABLE; Schema: public; Owner: ntl411
--

CREATE TABLE public.bill_productbillitem (
    id bigint NOT NULL,
    quantity integer NOT NULL,
    bill_id integer NOT NULL,
    product_id integer NOT NULL
);


ALTER TABLE public.bill_productbillitem OWNER TO ntl411;

--
-- Name: bill_productbillitem_id_seq; Type: SEQUENCE; Schema: public; Owner: ntl411
--

ALTER TABLE public.bill_productbillitem ALTER COLUMN id ADD GENERATED BY DEFAULT AS IDENTITY (
    SEQUENCE NAME public.bill_productbillitem_id_seq
    START WITH 1
    INCREMENT BY 1
    NO MINVALUE
    NO MAXVALUE
    CACHE 1
);


--
-- Name: bill_servicebill; Type: TABLE; Schema: public; Owner: ntl411
--

CREATE TABLE public.bill_servicebill (
    id integer NOT NULL,
    date_created timestamp with time zone NOT NULL,
    booking_id integer NOT NULL,
    employee_id integer NOT NULL,
    payment_method character varying(20) NOT NULL
);


ALTER TABLE public.bill_servicebill OWNER TO ntl411;

--
-- Name: bill_surcharge; Type: TABLE; Schema: public; Owner: ntl411
--

CREATE TABLE public.bill_surcharge (
    id bigint NOT NULL,
    reasons text NOT NULL,
    price double precision NOT NULL,
    bill_id integer NOT NULL
);


ALTER TABLE public.bill_surcharge OWNER TO ntl411;

--
-- Name: bill_surcharge_id_seq; Type: SEQUENCE; Schema: public; Owner: ntl411
--

ALTER TABLE public.bill_surcharge ALTER COLUMN id ADD GENERATED BY DEFAULT AS IDENTITY (
    SEQUENCE NAME public.bill_surcharge_id_seq
    START WITH 1
    INCREMENT BY 1
    NO MINVALUE
    NO MAXVALUE
    CACHE 1
);


--
-- Name: booking_diary; Type: TABLE; Schema: public; Owner: ntl411
--

CREATE TABLE public.booking_diary (
    id bigint NOT NULL,
    content text NOT NULL,
    "time" timestamp with time zone NOT NULL,
    employee_id integer NOT NULL,
    booking_id integer NOT NULL,
    photo character varying(100)
);


ALTER TABLE public.booking_diary OWNER TO ntl411;

--
-- Name: booking_diary_id_seq; Type: SEQUENCE; Schema: public; Owner: ntl411
--

ALTER TABLE public.booking_diary ALTER COLUMN id ADD GENERATED BY DEFAULT AS IDENTITY (
    SEQUENCE NAME public.booking_diary_id_seq
    START WITH 1
    INCREMENT BY 1
    NO MINVALUE
    NO MAXVALUE
    CACHE 1
);


--
-- Name: booking_room; Type: TABLE; Schema: public; Owner: ntl411
--

CREATE TABLE public.booking_room (
    id bigint NOT NULL,
    name character varying(20) NOT NULL,
    is_booked boolean NOT NULL,
    price double precision NOT NULL
);


ALTER TABLE public.booking_room OWNER TO ntl411;

--
-- Name: booking_room_id_seq; Type: SEQUENCE; Schema: public; Owner: ntl411
--

ALTER TABLE public.booking_room ALTER COLUMN id ADD GENERATED BY DEFAULT AS IDENTITY (
    SEQUENCE NAME public.booking_room_id_seq
    START WITH 1
    INCREMENT BY 1
    NO MINVALUE
    NO MAXVALUE
    CACHE 1
);


--
-- Name: booking_servicebooking; Type: TABLE; Schema: public; Owner: ntl411
--

CREATE TABLE public.booking_servicebooking (
    id integer NOT NULL,
    date_booked date NOT NULL,
    date_start date NOT NULL,
    stay_days integer NOT NULL,
    status character varying(50) NOT NULL,
    customer_id integer NOT NULL,
    pet_id integer NOT NULL,
    service_id integer NOT NULL,
    room_id bigint NOT NULL,
    note text
);


ALTER TABLE public.booking_servicebooking OWNER TO ntl411;

--
-- Name: booking_subservicebooking; Type: TABLE; Schema: public; Owner: ntl411
--

CREATE TABLE public.booking_subservicebooking (
    id bigint NOT NULL,
    booking_id integer NOT NULL,
    service_id integer NOT NULL,
    is_completed boolean NOT NULL
);


ALTER TABLE public.booking_subservicebooking OWNER TO ntl411;

--
-- Name: booking_subservicebooking_id_seq; Type: SEQUENCE; Schema: public; Owner: ntl411
--

ALTER TABLE public.booking_subservicebooking ALTER COLUMN id ADD GENERATED BY DEFAULT AS IDENTITY (
    SEQUENCE NAME public.booking_subservicebooking_id_seq
    START WITH 1
    INCREMENT BY 1
    NO MINVALUE
    NO MAXVALUE
    CACHE 1
);


--
-- Name: consignment_caredetail; Type: TABLE; Schema: public; Owner: ntl411
--

CREATE TABLE public.consignment_caredetail (
    id bigint NOT NULL,
    con_detail_id integer NOT NULL,
    goods_id integer NOT NULL,
    employee_id integer NOT NULL,
    count integer NOT NULL
);


ALTER TABLE public.consignment_caredetail OWNER TO ntl411;

--
-- Name: consignment_caredetail_id_seq; Type: SEQUENCE; Schema: public; Owner: ntl411
--

ALTER TABLE public.consignment_caredetail ALTER COLUMN id ADD GENERATED BY DEFAULT AS IDENTITY (
    SEQUENCE NAME public.consignment_caredetail_id_seq
    START WITH 1
    INCREMENT BY 1
    NO MINVALUE
    NO MAXVALUE
    CACHE 1
);


--
-- Name: consignment_consignment; Type: TABLE; Schema: public; Owner: ntl411
--

CREATE TABLE public.consignment_consignment (
    id integer NOT NULL,
    date_time_create timestamp with time zone NOT NULL,
    status character varying(50) NOT NULL,
    customer_id integer NOT NULL,
    employee_id integer NOT NULL
);


ALTER TABLE public.consignment_consignment OWNER TO ntl411;

--
-- Name: consignment_consignmentdetail; Type: TABLE; Schema: public; Owner: ntl411
--

CREATE TABLE public.consignment_consignmentdetail (
    id integer NOT NULL,
    is_paid boolean NOT NULL,
    consignment_id integer NOT NULL,
    pet_id integer NOT NULL,
    room_id bigint NOT NULL,
    package_id integer NOT NULL
);


ALTER TABLE public.consignment_consignmentdetail OWNER TO ntl411;

--
-- Name: consignment_consignmentdiary; Type: TABLE; Schema: public; Owner: ntl411
--

CREATE TABLE public.consignment_consignmentdiary (
    id bigint NOT NULL,
    content character varying(1024) NOT NULL,
    date_time_create timestamp with time zone NOT NULL,
    con_detail_id integer NOT NULL,
    employee_id integer NOT NULL
);


ALTER TABLE public.consignment_consignmentdiary OWNER TO ntl411;

--
-- Name: consignment_consignmentdiary_id_seq; Type: SEQUENCE; Schema: public; Owner: ntl411
--

ALTER TABLE public.consignment_consignmentdiary ALTER COLUMN id ADD GENERATED BY DEFAULT AS IDENTITY (
    SEQUENCE NAME public.consignment_consignmentdiary_id_seq
    START WITH 1
    INCREMENT BY 1
    NO MINVALUE
    NO MAXVALUE
    CACHE 1
);


--
-- Name: consignment_consignmentinvoice; Type: TABLE; Schema: public; Owner: ntl411
--

CREATE TABLE public.consignment_consignmentinvoice (
    id integer NOT NULL,
    date_time_create timestamp with time zone NOT NULL,
    price double precision NOT NULL,
    con_detail_id integer NOT NULL,
    employee_id integer NOT NULL
);


ALTER TABLE public.consignment_consignmentinvoice OWNER TO ntl411;

--
-- Name: consignment_providegoods; Type: TABLE; Schema: public; Owner: ntl411
--

CREATE TABLE public.consignment_providegoods (
    id integer NOT NULL,
    name character varying(255) NOT NULL,
    price double precision NOT NULL
);


ALTER TABLE public.consignment_providegoods OWNER TO ntl411;

--
-- Name: consignment_servicepackage; Type: TABLE; Schema: public; Owner: ntl411
--

CREATE TABLE public.consignment_servicepackage (
    id integer NOT NULL,
    name character varying(255) NOT NULL,
    price double precision NOT NULL
);


ALTER TABLE public.consignment_servicepackage OWNER TO ntl411;

--
-- Name: consignment_servicepackagedetail; Type: TABLE; Schema: public; Owner: ntl411
--

CREATE TABLE public.consignment_servicepackagedetail (
    id bigint NOT NULL,
    goods_id integer NOT NULL,
    package_id integer NOT NULL
);


ALTER TABLE public.consignment_servicepackagedetail OWNER TO ntl411;

--
-- Name: consignment_servicepackagedetail_id_seq; Type: SEQUENCE; Schema: public; Owner: ntl411
--

ALTER TABLE public.consignment_servicepackagedetail ALTER COLUMN id ADD GENERATED BY DEFAULT AS IDENTITY (
    SEQUENCE NAME public.consignment_servicepackagedetail_id_seq
    START WITH 1
    INCREMENT BY 1
    NO MINVALUE
    NO MAXVALUE
    CACHE 1
);


--
-- Name: customers_customer; Type: TABLE; Schema: public; Owner: ntl411
--

CREATE TABLE public.customers_customer (
    id integer NOT NULL,
    name character varying(255) NOT NULL,
    phone_number character varying(50) NOT NULL,
    address character varying(255),
    account_id bigint
);


ALTER TABLE public.customers_customer OWNER TO ntl411;

--
-- Name: django_admin_log; Type: TABLE; Schema: public; Owner: ntl411
--

CREATE TABLE public.django_admin_log (
    id integer NOT NULL,
    action_time timestamp with time zone NOT NULL,
    object_id text,
    object_repr character varying(200) NOT NULL,
    action_flag smallint NOT NULL,
    change_message text NOT NULL,
    content_type_id integer,
    user_id bigint NOT NULL,
    CONSTRAINT django_admin_log_action_flag_check CHECK ((action_flag >= 0))
);


ALTER TABLE public.django_admin_log OWNER TO ntl411;

--
-- Name: django_admin_log_id_seq; Type: SEQUENCE; Schema: public; Owner: ntl411
--

ALTER TABLE public.django_admin_log ALTER COLUMN id ADD GENERATED BY DEFAULT AS IDENTITY (
    SEQUENCE NAME public.django_admin_log_id_seq
    START WITH 1
    INCREMENT BY 1
    NO MINVALUE
    NO MAXVALUE
    CACHE 1
);


--
-- Name: django_content_type; Type: TABLE; Schema: public; Owner: ntl411
--

CREATE TABLE public.django_content_type (
    id integer NOT NULL,
    app_label character varying(100) NOT NULL,
    model character varying(100) NOT NULL
);


ALTER TABLE public.django_content_type OWNER TO ntl411;

--
-- Name: django_content_type_id_seq; Type: SEQUENCE; Schema: public; Owner: ntl411
--

ALTER TABLE public.django_content_type ALTER COLUMN id ADD GENERATED BY DEFAULT AS IDENTITY (
    SEQUENCE NAME public.django_content_type_id_seq
    START WITH 1
    INCREMENT BY 1
    NO MINVALUE
    NO MAXVALUE
    CACHE 1
);


--
-- Name: django_migrations; Type: TABLE; Schema: public; Owner: ntl411
--

CREATE TABLE public.django_migrations (
    id bigint NOT NULL,
    app character varying(255) NOT NULL,
    name character varying(255) NOT NULL,
    applied timestamp with time zone NOT NULL
);


ALTER TABLE public.django_migrations OWNER TO ntl411;

--
-- Name: django_migrations_id_seq; Type: SEQUENCE; Schema: public; Owner: ntl411
--

ALTER TABLE public.django_migrations ALTER COLUMN id ADD GENERATED BY DEFAULT AS IDENTITY (
    SEQUENCE NAME public.django_migrations_id_seq
    START WITH 1
    INCREMENT BY 1
    NO MINVALUE
    NO MAXVALUE
    CACHE 1
);


--
-- Name: django_session; Type: TABLE; Schema: public; Owner: ntl411
--

CREATE TABLE public.django_session (
    session_key character varying(40) NOT NULL,
    session_data text NOT NULL,
    expire_date timestamp with time zone NOT NULL
);


ALTER TABLE public.django_session OWNER TO ntl411;

--
-- Name: employees_employee; Type: TABLE; Schema: public; Owner: ntl411
--

CREATE TABLE public.employees_employee (
    id integer NOT NULL,
    name character varying(255) NOT NULL,
    address character varying(255) NOT NULL,
    phone_number character varying(50) NOT NULL,
    date_of_joining date,
    status character varying(50) NOT NULL,
    role character varying(50) NOT NULL,
    photo character varying(100),
    account_id bigint
);


ALTER TABLE public.employees_employee OWNER TO ntl411;

--
-- Name: employees_workschedule; Type: TABLE; Schema: public; Owner: ntl411
--

CREATE TABLE public.employees_workschedule (
    id bigint NOT NULL,
    date date NOT NULL,
    start_time time without time zone,
    end_time time without time zone,
    note text,
    employee_id integer NOT NULL
);


ALTER TABLE public.employees_workschedule OWNER TO ntl411;

--
-- Name: employees_workschedule_id_seq; Type: SEQUENCE; Schema: public; Owner: ntl411
--

ALTER TABLE public.employees_workschedule ALTER COLUMN id ADD GENERATED BY DEFAULT AS IDENTITY (
    SEQUENCE NAME public.employees_workschedule_id_seq
    START WITH 1
    INCREMENT BY 1
    NO MINVALUE
    NO MAXVALUE
    CACHE 1
);


--
-- Name: pets_pet; Type: TABLE; Schema: public; Owner: ntl411
--

CREATE TABLE public.pets_pet (
    id integer NOT NULL,
    name character varying(255) NOT NULL,
    age integer NOT NULL,
    gender boolean NOT NULL,
    photo character varying(100),
    owner_id integer,
    species_id bigint NOT NULL,
    weight double precision NOT NULL
);


ALTER TABLE public.pets_pet OWNER TO ntl411;

--
-- Name: pets_species; Type: TABLE; Schema: public; Owner: ntl411
--

CREATE TABLE public.pets_species (
    id bigint NOT NULL,
    name character varying(255) NOT NULL
);


ALTER TABLE public.pets_species OWNER TO ntl411;

--
-- Name: pets_species_id_seq; Type: SEQUENCE; Schema: public; Owner: ntl411
--

ALTER TABLE public.pets_species ALTER COLUMN id ADD GENERATED BY DEFAULT AS IDENTITY (
    SEQUENCE NAME public.pets_species_id_seq
    START WITH 1
    INCREMENT BY 1
    NO MINVALUE
    NO MAXVALUE
    CACHE 1
);


--
-- Name: products_category; Type: TABLE; Schema: public; Owner: ntl411
--

CREATE TABLE public.products_category (
    id bigint NOT NULL,
    name character varying(200) NOT NULL
);


ALTER TABLE public.products_category OWNER TO ntl411;

--
-- Name: products_category_id_seq; Type: SEQUENCE; Schema: public; Owner: ntl411
--

ALTER TABLE public.products_category ALTER COLUMN id ADD GENERATED BY DEFAULT AS IDENTITY (
    SEQUENCE NAME public.products_category_id_seq
    START WITH 1
    INCREMENT BY 1
    NO MINVALUE
    NO MAXVALUE
    CACHE 1
);


--
-- Name: products_product; Type: TABLE; Schema: public; Owner: ntl411
--

CREATE TABLE public.products_product (
    id integer NOT NULL,
    name character varying(200) NOT NULL,
    description text,
    image character varying(100),
    quantity integer NOT NULL,
    price double precision NOT NULL,
    category_id bigint,
    species_id bigint,
    supplier_id bigint,
    photo character varying(100)
);


ALTER TABLE public.products_product OWNER TO ntl411;

--
-- Name: products_supplier; Type: TABLE; Schema: public; Owner: ntl411
--

CREATE TABLE public.products_supplier (
    id bigint NOT NULL,
    name character varying(255) NOT NULL,
    address character varying(255) NOT NULL,
    phone_number character varying(50) NOT NULL,
    email character varying(255) NOT NULL
);


ALTER TABLE public.products_supplier OWNER TO ntl411;

--
-- Name: products_supplier_id_seq; Type: SEQUENCE; Schema: public; Owner: ntl411
--

ALTER TABLE public.products_supplier ALTER COLUMN id ADD GENERATED BY DEFAULT AS IDENTITY (
    SEQUENCE NAME public.products_supplier_id_seq
    START WITH 1
    INCREMENT BY 1
    NO MINVALUE
    NO MAXVALUE
    CACHE 1
);


--
-- Name: services_service; Type: TABLE; Schema: public; Owner: ntl411
--

CREATE TABLE public.services_service (
    id integer NOT NULL,
    name character varying(255) NOT NULL,
    description text NOT NULL,
    price double precision NOT NULL,
    species_id bigint NOT NULL,
    is_one_day boolean NOT NULL
);


ALTER TABLE public.services_service OWNER TO ntl411;

--
-- Data for Name: accounts_useraccount; Type: TABLE DATA; Schema: public; Owner: ntl411
--

COPY public.accounts_useraccount (id, password, last_login, is_superuser, email, name, is_active, is_staff, is_deactivated, account_type, photo) FROM stdin;
9	pbkdf2_sha256$720000$EoXFNUWGCT8h6JRSnfzJqy$JIJvijw6hkSdBeGhLcKRe2wywRpogtc97CiO1zGs8Jg=	\N	f	nhanvien28252@petcares.com	Nhan Vien 2	t	f	f	e	employees/288475/reset-img.jpg
7	pbkdf2_sha256$720000$1ljF3u0jco2jiDgue9HaRE$qIoxW6mfyp8BMxBiTqdgqL7qjRk6C6Z9zFO6ivZ9G7k=	\N	f	quanly4759@petcares.com	Quan Ly	t	t	f	m	accounts/7/reset-img.jpg
11	pbkdf2_sha256$720000$KecipgQNYY2vgEQ3QbRBWI$HQPvNuDTR1IJY3/btoS5eGvmNA321gghQbDPBIBq3Ss=	\N	f	tyyt70211@petcares.com	tyyt7	t	f	f	e	employees/961592/activate-img.jpg
3	pbkdf2_sha256$720000$ljh0TKPTDgh9mcb8ZWSYPG$pikdvVsGUzjqEYs2A8Etr0oH8SBjrbcLyqAWITWmI50=	\N	f	nhanvien14744@petcares.com	Nhan Vien 1	t	f	f	e	accounts/3/activate-img.jpg
1	pbkdf2_sha256$720000$TwzwnAapfegxaERf4FiIYt$OAW+ecd//pc4BNAEzKgRTuAL0SZAokRv6jQfy06LV3U=	2024-06-10 00:33:12.762942+07	t	admin@admin.com	admin	t	t	f	a	
20	pbkdf2_sha256$720000$fiRlOAMBoWGnTRgv0azEG4$FjLX0XFxmLmGen+QMUhLlXOzbnauMvYD+ShAIZgFrJg=	\N	f	minhduc1422@gmail.com	minhduc	t	f	f	c	accounts/None/4e505986-b79e-430a-83c0-ed65544c61c1.jpg
21	pbkdf2_sha256$720000$mLNSqXWXLTIA2pUqYaAoBk$/L87BGhgDDhJwc+Dg13GLYT3ULBYOiiRAbE/9EYj7tk=	\N	f	nhanvien1213@petcares.com	nhan vien	t	f	f	e	employees/355425/0eff236b-4300-42c7-b588-7f71a0e8abda.jpg
22	pbkdf2_sha256$720000$D9PFEPxKk4FbfcR4l2hA8x$Aw/3KqJOokSMwylK13mAWpyQHm6sdIX6QJApgsf5vhU=	\N	f	nguyenduykhang5248@petcares.com	Nguyễn Duy Khang	t	f	f	e	employees/781603/0eff236b-4300-42c7-b588-7f71a0e8abda.jpg
\.


--
-- Data for Name: accounts_useraccount_groups; Type: TABLE DATA; Schema: public; Owner: ntl411
--

COPY public.accounts_useraccount_groups (id, useraccount_id, group_id) FROM stdin;
\.


--
-- Data for Name: accounts_useraccount_user_permissions; Type: TABLE DATA; Schema: public; Owner: ntl411
--

COPY public.accounts_useraccount_user_permissions (id, useraccount_id, permission_id) FROM stdin;
\.


--
-- Data for Name: auth_group; Type: TABLE DATA; Schema: public; Owner: ntl411
--

COPY public.auth_group (id, name) FROM stdin;
\.


--
-- Data for Name: auth_group_permissions; Type: TABLE DATA; Schema: public; Owner: ntl411
--

COPY public.auth_group_permissions (id, group_id, permission_id) FROM stdin;
\.


--
-- Data for Name: auth_permission; Type: TABLE DATA; Schema: public; Owner: ntl411
--

COPY public.auth_permission (id, name, content_type_id, codename) FROM stdin;
1	Can add permission	1	add_permission
2	Can change permission	1	change_permission
3	Can delete permission	1	delete_permission
4	Can view permission	1	view_permission
5	Can add group	2	add_group
6	Can change group	2	change_group
7	Can delete group	2	delete_group
8	Can view group	2	view_group
9	Can add content type	3	add_contenttype
10	Can change content type	3	change_contenttype
11	Can delete content type	3	delete_contenttype
12	Can view content type	3	view_contenttype
13	Can add user account	4	add_useraccount
14	Can change user account	4	change_useraccount
15	Can delete user account	4	delete_useraccount
16	Can view user account	4	view_useraccount
17	Can add customer	5	add_customer
18	Can change customer	5	change_customer
19	Can delete customer	5	delete_customer
20	Can view customer	5	view_customer
21	Can add employee	6	add_employee
22	Can change employee	6	change_employee
23	Can delete employee	6	delete_employee
24	Can view employee	6	view_employee
25	Can add work schedule	7	add_workschedule
26	Can change work schedule	7	change_workschedule
27	Can delete work schedule	7	delete_workschedule
28	Can view work schedule	7	view_workschedule
29	Can add species	8	add_species
30	Can change species	8	change_species
31	Can delete species	8	delete_species
32	Can view species	8	view_species
33	Can add weight	9	add_weight
34	Can change weight	9	change_weight
35	Can delete weight	9	delete_weight
36	Can view weight	9	view_weight
37	Can add pet	10	add_pet
38	Can change pet	10	change_pet
39	Can delete pet	10	delete_pet
40	Can view pet	10	view_pet
41	Can add supplier	11	add_supplier
42	Can change supplier	11	change_supplier
43	Can delete supplier	11	delete_supplier
44	Can view supplier	11	view_supplier
45	Can add category	12	add_category
46	Can change category	12	change_category
47	Can delete category	12	delete_category
48	Can view category	12	view_category
49	Can add product	13	add_product
50	Can change product	13	change_product
51	Can delete product	13	delete_product
52	Can view product	13	view_product
53	Can add service	14	add_service
54	Can change service	14	change_service
55	Can delete service	14	delete_service
56	Can view service	14	view_service
57	Can add service surchanges	15	add_servicesurchanges
58	Can change service surchanges	15	change_servicesurchanges
59	Can delete service surchanges	15	delete_servicesurchanges
60	Can view service surchanges	15	view_servicesurchanges
61	Can add room	16	add_room
62	Can change room	16	change_room
63	Can delete room	16	delete_room
64	Can view room	16	view_room
65	Can add service booking	17	add_servicebooking
66	Can change service booking	17	change_servicebooking
67	Can delete service booking	17	delete_servicebooking
68	Can view service booking	17	view_servicebooking
69	Can add sub service	18	add_subservice
70	Can change sub service	18	change_subservice
71	Can delete sub service	18	delete_subservice
72	Can view sub service	18	view_subservice
73	Can add diary	19	add_diary
74	Can change diary	19	change_diary
75	Can delete diary	19	delete_diary
76	Can view diary	19	view_diary
77	Can add pet check in out	20	add_petcheckinout
78	Can change pet check in out	20	change_petcheckinout
79	Can delete pet check in out	20	delete_petcheckinout
80	Can view pet check in out	20	view_petcheckinout
81	Can add service bill	21	add_servicebill
82	Can change service bill	21	change_servicebill
83	Can delete service bill	21	delete_servicebill
84	Can view service bill	21	view_servicebill
85	Can add product bill	22	add_productbill
86	Can change product bill	22	change_productbill
87	Can delete product bill	22	delete_productbill
88	Can view product bill	22	view_productbill
89	Can add product bill item	23	add_productbillitem
90	Can change product bill item	23	change_productbillitem
91	Can delete product bill item	23	delete_productbillitem
92	Can view product bill item	23	view_productbillitem
93	Can add log entry	24	add_logentry
94	Can change log entry	24	change_logentry
95	Can delete log entry	24	delete_logentry
96	Can view log entry	24	view_logentry
97	Can add session	25	add_session
98	Can change session	25	change_session
99	Can delete session	25	delete_session
100	Can view session	25	view_session
101	Can add surcharge	26	add_surcharge
102	Can change surcharge	26	change_surcharge
103	Can delete surcharge	26	delete_surcharge
104	Can view surcharge	26	view_surcharge
105	Can add sub service booking	27	add_subservicebooking
106	Can change sub service booking	27	change_subservicebooking
107	Can delete sub service booking	27	delete_subservicebooking
108	Can view sub service booking	27	view_subservicebooking
109	Can add provide goods	28	add_providegoods
110	Can change provide goods	28	change_providegoods
111	Can delete provide goods	28	delete_providegoods
112	Can view provide goods	28	view_providegoods
113	Can add service package	29	add_servicepackage
114	Can change service package	29	change_servicepackage
115	Can delete service package	29	delete_servicepackage
116	Can view service package	29	view_servicepackage
117	Can add consignment	30	add_consignment
118	Can change consignment	30	change_consignment
119	Can delete consignment	30	delete_consignment
120	Can view consignment	30	view_consignment
121	Can add consignment detail	31	add_consignmentdetail
122	Can change consignment detail	31	change_consignmentdetail
123	Can delete consignment detail	31	delete_consignmentdetail
124	Can view consignment detail	31	view_consignmentdetail
125	Can add consignment invoice	32	add_consignmentinvoice
126	Can change consignment invoice	32	change_consignmentinvoice
127	Can delete consignment invoice	32	delete_consignmentinvoice
128	Can view consignment invoice	32	view_consignmentinvoice
129	Can add care detail	33	add_caredetail
130	Can change care detail	33	change_caredetail
131	Can delete care detail	33	delete_caredetail
132	Can view care detail	33	view_caredetail
133	Can add service package detail	34	add_servicepackagedetail
134	Can change service package detail	34	change_servicepackagedetail
135	Can delete service package detail	34	delete_servicepackagedetail
136	Can view service package detail	34	view_servicepackagedetail
137	Can add consignment diary	35	add_consignmentdiary
138	Can change consignment diary	35	change_consignmentdiary
139	Can delete consignment diary	35	delete_consignmentdiary
140	Can view consignment diary	35	view_consignmentdiary
\.


--
-- Data for Name: bill_productbill; Type: TABLE DATA; Schema: public; Owner: ntl411
--

COPY public.bill_productbill (id, date_created, employee_id, payment_method, customer_id) FROM stdin;
\.


--
-- Data for Name: bill_productbillitem; Type: TABLE DATA; Schema: public; Owner: ntl411
--

COPY public.bill_productbillitem (id, quantity, bill_id, product_id) FROM stdin;
\.


--
-- Data for Name: bill_servicebill; Type: TABLE DATA; Schema: public; Owner: ntl411
--

COPY public.bill_servicebill (id, date_created, booking_id, employee_id, payment_method) FROM stdin;
\.


--
-- Data for Name: bill_surcharge; Type: TABLE DATA; Schema: public; Owner: ntl411
--

COPY public.bill_surcharge (id, reasons, price, bill_id) FROM stdin;
\.


--
-- Data for Name: booking_diary; Type: TABLE DATA; Schema: public; Owner: ntl411
--

COPY public.booking_diary (id, content, "time", employee_id, booking_id, photo) FROM stdin;
74	pet got and procceding	2024-06-17 11:05:21.390219+07	781603	767264	bookings/767264/4e505986-b79e-430a-83c0-ed65544c61c1.jpg
\.


--
-- Data for Name: booking_room; Type: TABLE DATA; Schema: public; Owner: ntl411
--

COPY public.booking_room (id, name, is_booked, price) FROM stdin;
20	Buồng cao cấp 2	f	30000
18	Buồng thường 2	t	10000
17	Buồng thường 1	t	10000
19	Buồng cao cấp 1	t	30000
\.


--
-- Data for Name: booking_servicebooking; Type: TABLE DATA; Schema: public; Owner: ntl411
--

COPY public.booking_servicebooking (id, date_booked, date_start, stay_days, status, customer_id, pet_id, service_id, room_id, note) FROM stdin;
767264	2024-06-17	2024-06-18	20	p	517734	493469	539019	18	
\.


--
-- Data for Name: booking_subservicebooking; Type: TABLE DATA; Schema: public; Owner: ntl411
--

COPY public.booking_subservicebooking (id, booking_id, service_id, is_completed) FROM stdin;
13	767264	769868	f
\.


--
-- Data for Name: consignment_caredetail; Type: TABLE DATA; Schema: public; Owner: ntl411
--

COPY public.consignment_caredetail (id, con_detail_id, goods_id, employee_id, count) FROM stdin;
3	127024822	163680	175501	1
4	127024822	420497	175501	1
5	517295378	962792	781603	1
\.


--
-- Data for Name: consignment_consignment; Type: TABLE DATA; Schema: public; Owner: ntl411
--

COPY public.consignment_consignment (id, date_time_create, status, customer_id, employee_id) FROM stdin;
363123	2024-06-17 10:13:40.187742+07	p	206629	175501
777080	2024-06-17 12:26:01.186614+07	u	517734	175501
\.


--
-- Data for Name: consignment_consignmentdetail; Type: TABLE DATA; Schema: public; Owner: ntl411
--

COPY public.consignment_consignmentdetail (id, is_paid, consignment_id, pet_id, room_id, package_id) FROM stdin;
517295378	f	363123	928770	18	387227
127024822	t	363123	324846	17	387227
270725909	f	777080	493469	17	387227
266173540	f	777080	810305	19	387227
\.


--
-- Data for Name: consignment_consignmentdiary; Type: TABLE DATA; Schema: public; Owner: ntl411
--

COPY public.consignment_consignmentdiary (id, content, date_time_create, con_detail_id, employee_id) FROM stdin;
27	Cho ăn - thức ăn hạt cho chó	2024-06-17 10:13:53.69903+07	127024822	175501
28	Tắm	2024-06-17 10:14:02.425949+07	127024822	175501
29	Chải lông	2024-06-17 11:02:18.092565+07	127024822	175501
30	Cho ăn - thức ăn hạt cho chó	2024-06-17 11:02:29.506645+07	127024822	175501
31	Trao trả thú cưng và thanh toán	2024-06-17 11:02:36.043112+07	127024822	175501
32	Đi dạo	2024-06-17 11:05:43.548873+07	517295378	781603
\.


--
-- Data for Name: consignment_consignmentinvoice; Type: TABLE DATA; Schema: public; Owner: ntl411
--

COPY public.consignment_consignmentinvoice (id, date_time_create, price, con_detail_id, employee_id) FROM stdin;
453632	2024-06-17 11:02:36.160679+07	175000	127024822	175501
\.


--
-- Data for Name: consignment_providegoods; Type: TABLE DATA; Schema: public; Owner: ntl411
--

COPY public.consignment_providegoods (id, name, price) FROM stdin;
163680	Tắm	50000
962792	Đi dạo	15000
420497	Chải lông	15000
906580	Dọn buồng	30000
751083	Cho ăn - pate cho chó	25000
555886	Cho ăn - thức ăn hạt cho chó	20000
753550	Cho ăn - thức ăn hạt cho mèo	15000
623584	Cho ăn - pate cho mèo	20000
\.


--
-- Data for Name: consignment_servicepackage; Type: TABLE DATA; Schema: public; Owner: ntl411
--

COPY public.consignment_servicepackage (id, name, price) FROM stdin;
291425	Mèo - Nuôi hộ cơ bản	80000
387227	Chó - Nuôi hộ cơ bản	100000
\.


--
-- Data for Name: consignment_servicepackagedetail; Type: TABLE DATA; Schema: public; Owner: ntl411
--

COPY public.consignment_servicepackagedetail (id, goods_id, package_id) FROM stdin;
16	555886	387227
17	751083	387227
18	906580	387227
19	753550	291425
20	623584	291425
21	906580	291425
\.


--
-- Data for Name: customers_customer; Type: TABLE DATA; Schema: public; Owner: ntl411
--

COPY public.customers_customer (id, name, phone_number, address, account_id) FROM stdin;
517734	Trương Thanh Duy	0922087760	Cần Thơ	\N
206629	Nguyễn Doãn Minh Đức	0920324008	Cần Thơ	20
\.


--
-- Data for Name: django_admin_log; Type: TABLE DATA; Schema: public; Owner: ntl411
--

COPY public.django_admin_log (id, action_time, object_id, object_repr, action_flag, change_message, content_type_id, user_id) FROM stdin;
1	2024-05-26 11:56:48.258916+07	766218	Su	1	[{"added": {}}]	10	1
2	2024-05-28 14:06:32.913377+07	2	quanly4040@petcares.com	3		4	1
3	2024-05-28 14:08:40.389739+07	7	quanly4759@petcares.com	2	[{"changed": {"fields": ["Is staff", "Account type", "Photo"]}}]	4	1
4	2024-05-28 14:09:07.494301+07	6	nhanvien25453@petcares.com	3		4	1
5	2024-05-28 14:12:34.961591+07	8	nhanvien27107@petcares.com	3		4	1
6	2024-06-08 13:57:56.628719+07	10	linh2110312@student.nctu.edu.vn	3		4	1
7	2024-06-08 13:59:23.96107+07	12	nguyentrunglinh411@gmail.com	3		4	1
8	2024-06-08 15:44:22.451875+07	13	linh2110312@student.nctu.edu.vn	3		4	1
9	2024-06-08 15:52:16.761143+07	14	linh2110312@student.nctu.edu.vn	3		4	1
10	2024-06-08 16:38:22.066999+07	15	linh2110312@student.nctu.edu.vn	3		4	1
11	2024-06-08 17:20:08.170927+07	16	linh2110312@student.nctu.edu.vn	3		4	1
12	2024-06-08 17:20:21.837616+07	132451	Nguyen Trung Linh - 0901008809	3		5	1
13	2024-06-08 18:19:25.662663+07	17	linh2110312@student.nctu.edu.vn	3		4	1
14	2024-06-08 18:24:13.602466+07	18	linh2110312@student.nctu.edu.vn	3		4	1
15	2024-06-08 19:04:37.970695+07	352496	Nguyen Trung Linh - 0901008809	3		5	1
16	2024-06-08 19:12:14.400098+07	860055	Nguyen Trung Linh - 0901008809	3		5	1
17	2024-06-08 19:17:04.927028+07	835512	Nguyen Trung Linh - 0901008809	3		5	1
18	2024-06-11 15:31:11.230979+07	19	linh2110312@student.nctu.edu.vn	3		4	1
\.


--
-- Data for Name: django_content_type; Type: TABLE DATA; Schema: public; Owner: ntl411
--

COPY public.django_content_type (id, app_label, model) FROM stdin;
1	auth	permission
2	auth	group
3	contenttypes	contenttype
4	accounts	useraccount
5	customers	customer
6	employees	employee
7	employees	workschedule
8	pets	species
9	pets	weight
10	pets	pet
11	products	supplier
12	products	category
13	products	product
14	services	service
15	services	servicesurchanges
16	booking	room
17	booking	servicebooking
18	booking	subservice
19	booking	diary
20	booking	petcheckinout
21	bill	servicebill
22	bill	productbill
23	bill	productbillitem
24	admin	logentry
25	sessions	session
26	bill	surcharge
27	booking	subservicebooking
28	consignment	providegoods
29	consignment	servicepackage
30	consignment	consignment
31	consignment	consignmentdetail
32	consignment	consignmentinvoice
33	consignment	caredetail
34	consignment	servicepackagedetail
35	consignment	consignmentdiary
\.


--
-- Data for Name: django_migrations; Type: TABLE DATA; Schema: public; Owner: ntl411
--

COPY public.django_migrations (id, app, name, applied) FROM stdin;
1	contenttypes	0001_initial	2024-05-26 10:56:57.490958+07
2	contenttypes	0002_remove_content_type_name	2024-05-26 10:56:57.511472+07
3	auth	0001_initial	2024-05-26 11:00:17.002963+07
4	auth	0002_alter_permission_name_max_length	2024-05-26 11:00:17.009011+07
5	auth	0003_alter_user_email_max_length	2024-05-26 11:00:17.015614+07
6	auth	0004_alter_user_username_opts	2024-05-26 11:00:17.026455+07
7	auth	0005_alter_user_last_login_null	2024-05-26 11:00:17.035858+07
8	auth	0006_require_contenttypes_0002	2024-05-26 11:00:17.039011+07
9	auth	0007_alter_validators_add_error_messages	2024-05-26 11:00:17.04605+07
10	auth	0008_alter_user_username_max_length	2024-05-26 11:00:17.058182+07
11	auth	0009_alter_user_last_name_max_length	2024-05-26 11:00:17.072734+07
12	auth	0010_alter_group_name_max_length	2024-05-26 11:00:17.08194+07
13	auth	0011_update_proxy_permissions	2024-05-26 11:00:17.103451+07
14	auth	0012_alter_user_first_name_max_length	2024-05-26 11:00:17.11171+07
15	accounts	0001_initial	2024-05-26 11:00:17.187625+07
16	customers	0001_initial	2024-05-26 11:00:35.232594+07
17	employees	0001_initial	2024-05-26 11:01:02.016505+07
18	pets	0001_initial	2024-05-26 11:01:17.023447+07
19	products	0001_initial	2024-05-26 11:01:31.325805+07
20	services	0001_initial	2024-05-26 11:01:43.176397+07
21	booking	0001_initial	2024-05-26 11:02:01.861329+07
22	bill	0001_initial	2024-05-26 11:02:13.264731+07
23	admin	0001_initial	2024-05-26 11:17:13.652167+07
24	admin	0002_logentry_remove_auto_add	2024-05-26 11:17:13.659515+07
25	admin	0003_logentry_add_action_flag_choices	2024-05-26 11:17:13.667683+07
26	sessions	0001_initial	2024-05-26 11:17:13.69793+07
27	products	0002_remove_category_description	2024-05-26 22:36:03.263587+07
28	products	0003_product_photo	2024-05-27 00:00:57.243445+07
61	employees	0002_alter_employee_date_of_joining	2024-05-27 21:46:06.958229+07
62	employees	0003_alter_employee_date_of_joining	2024-05-27 21:48:47.727741+07
63	bill	0002_productbill_payment_method	2024-05-28 15:16:20.162065+07
64	bill	0003_servicebill_payment_method	2024-05-28 15:17:12.290895+07
65	bill	0004_productbill_customer	2024-05-28 15:37:21.067389+07
66	bill	0005_remove_productbill_received_and_more	2024-05-28 16:54:02.878259+07
67	services	0002_delete_servicesurchanges	2024-05-31 10:15:03.379892+07
68	pets	0002_alter_pet_weight_delete_weight	2024-05-31 10:15:03.438506+07
69	booking	0002_remove_servicebooking_photo_diary_photo_and_more	2024-05-31 10:20:20.09697+07
70	bill	0006_surcharge	2024-05-31 10:27:30.748534+07
71	services	0003_service_is_one_day	2024-05-31 10:28:39.64186+07
72	accounts	0002_alter_useraccount_photo	2024-05-31 10:34:55.072422+07
73	employees	0004_alter_employee_date_of_joining	2024-05-31 10:34:55.082173+07
74	booking	0003_rename_number_room_name	2024-05-31 10:36:58.436194+07
75	booking	0004_servicebooking_room_subservicebooking_and_more	2024-05-31 12:21:44.345977+07
76	booking	0005_servicebooking_note	2024-05-31 13:30:12.253343+07
77	booking	0006_subservicebooking_is_completed	2024-05-31 14:16:56.188176+07
78	pets	0003_alter_pet_weight	2024-05-31 16:35:55.639388+07
79	booking	0007_alter_servicebooking_date_booked_and_more	2024-06-01 12:02:30.757847+07
80	bill	0007_alter_productbillitem_bill_and_more	2024-06-10 15:23:13.833496+07
81	booking	0008_alter_diary_booking_alter_servicebooking_date_booked	2024-06-10 15:26:37.907048+07
82	booking	0009_room_price_alter_servicebooking_date_booked	2024-06-14 14:08:10.124781+07
83	employees	0005_alter_employee_date_of_joining	2024-06-14 14:40:17.596068+07
84	consignment	0001_initial	2024-06-14 14:40:17.825506+07
85	consignment	0002_caredetail_employee	2024-06-14 15:19:10.196784+07
86	employees	0006_alter_employee_date_of_joining	2024-06-15 22:15:42.014815+07
87	consignment	0003_remove_caredetail_date_time_create_consignmentdiary	2024-06-15 22:15:42.175628+07
88	consignment	0004_remove_consignment_package	2024-06-16 08:44:29.696853+07
89	consignment	0005_consignmentdetail_package	2024-06-16 08:44:59.004003+07
90	consignment	0006_caredetail_count	2024-06-16 16:49:29.248591+07
91	consignment	0007_alter_consignmentinvoice_price	2024-06-16 17:35:12.853776+07
92	consignment	0008_alter_consignment_date_time_create_and_more	2024-06-17 07:23:58.952446+07
93	consignment	0009_alter_consignment_date_time_create_and_more	2024-06-17 07:24:57.180706+07
\.


--
-- Data for Name: django_session; Type: TABLE DATA; Schema: public; Owner: ntl411
--

COPY public.django_session (session_key, session_data, expire_date) FROM stdin;
b69ummhldcbkh4dn83z9a3s3kxr9nven	.eJxVjEsOwiAUAO_C2hBK-bp03zOQB-8hVQNJaVfGuxuSLnQ7M5k3C3DsJRydtrAiu7KJXX5ZhPSkOgQ-oN4bT63u2xr5SPhpO18a0ut2tn-DAr2MbZ6zTwoVWWemaIRDBO1MzELYKQkwXkqURvuZIAoNikCANVErTzp59vkC4Y430A:1sB5S4:Lwt6KKHze2Tgg0psmwtgNLWZ-gExA2tJ-ADtpwTcfcw	2024-06-09 11:25:44.367688+07
762teriwure47bfauthht8hmbvz6gyo2	.eJxVjEsOwiAUAO_C2hBK-bp03zOQB-8hVQNJaVfGuxuSLnQ7M5k3C3DsJRydtrAiu7KJXX5ZhPSkOgQ-oN4bT63u2xr5SPhpO18a0ut2tn-DAr2MbZ6zTwoVWWemaIRDBO1MzELYKQkwXkqURvuZIAoNikCANVErTzp59vkC4Y430A:1sGMPo:5AUUMxuzrbiBWWZ5NVbwlJeBeEXoQLNVWpcoXqaFr6Y	2024-06-24 00:33:12.76932+07
\.


--
-- Data for Name: employees_employee; Type: TABLE DATA; Schema: public; Owner: ntl411
--

COPY public.employees_employee (id, name, address, phone_number, date_of_joining, status, role, photo, account_id) FROM stdin;
175501	Quan Ly	Can Tho	1010101010	2024-05-27	w	m	employees/175501/reset-img.jpg	7
781603	Nguyễn Duy Khang	Cần Thơ	0943564346	2024-06-20	w	e	employees/781603/0eff236b-4300-42c7-b588-7f71a0e8abda.jpg	22
\.


--
-- Data for Name: employees_workschedule; Type: TABLE DATA; Schema: public; Owner: ntl411
--

COPY public.employees_workschedule (id, date, start_time, end_time, note, employee_id) FROM stdin;
1	2024-05-27	\N	\N		175501
\.


--
-- Data for Name: pets_pet; Type: TABLE DATA; Schema: public; Owner: ntl411
--

COPY public.pets_pet (id, name, age, gender, photo, owner_id, species_id, weight) FROM stdin;
810305	Dâu	2	f	pets/810305/activate-img.jpg	517734	5	12
928770	Mít	3	f	pets/928770/reset-img.jpg	206629	5	15
324846	Su	5	t	pets/324846/activate-img.jpg	206629	5	19
493469	LuLu	1	t	pets/493469/activate-img.jpg	517734	5	12
\.


--
-- Data for Name: pets_species; Type: TABLE DATA; Schema: public; Owner: ntl411
--

COPY public.pets_species (id, name) FROM stdin;
5	Chó
6	Mèo
\.


--
-- Data for Name: products_category; Type: TABLE DATA; Schema: public; Owner: ntl411
--

COPY public.products_category (id, name) FROM stdin;
11	Đồ chơi
12	Phụ kiện
13	Thức ăn
14	Quần áo
\.


--
-- Data for Name: products_product; Type: TABLE DATA; Schema: public; Owner: ntl411
--

COPY public.products_product (id, name, description, image, quantity, price, category_id, species_id, supplier_id, photo) FROM stdin;
242359	Vòng cổ thú cưng		global/no-image.jpg	100	50000	14	5	5	products/242359/Picture2.jpg
638520	Bát ăn cho thú cưng		global/no-image.jpg	50	100000	12	6	4	products/638520/Picture3.jpg
173906	Sữa tắm		global/no-image.jpg	30	200	12	6	2	products/173906/Picture4.png
163417	Bàn chải lông		global/no-image.jpg	100	80000	12	5	5	products/163417/Picture5.jpg
714399	Dây dắt thú cưng		global/no-image.jpg	100	25000	12	5	2	products/714399/Picture6.jpg
593877	Thuốc tẩy giun chó		global/no-image.jpg	150	110	13	5	4	products/593877/Picture7_ZtOpkYG.png
828774	Thuốc tẩy giun cho mèo		global/no-image.jpg	120	110000	13	6	3	products/828774/Picture8.png
669300	Sữa bột cho chó , mèo		global/no-image.jpg	50	150000	13	5	4	products/669300/Picture9.png
640554	Thuốc trị viêm tai (chó mèo)		global/no-image.jpg	70	160000	12	6	5	products/640554/Picture10.png
320826	Đồ chơi cần câu gắn chuột cho mèo		global/no-image.jpg	120	50000	11	6	4	products/320826/Picture11.png
427341	Đồ chơi cao su khúc xương cho chó		global/no-image.jpg	60	50000	11	5	3	products/427341/Picture12.jpg
453119	Đồ chơi chuột lắc cho mèo		global/no-image.jpg	30	50000	11	6	3	products/453119/Picture13.jpg
736930	Áo hình mặt gấu trắng cho thú cưng		global/no-image.jpg	20	100000	14	5	2	products/736930/Picture14.png
893675	Áo váy hình hoa cho thú cưng		global/no-image.jpg	30	100	14	5	2	products/893675/Picture15.png
\.


--
-- Data for Name: products_supplier; Type: TABLE DATA; Schema: public; Owner: ntl411
--

COPY public.products_supplier (id, name, address, phone_number, email) FROM stdin;
2	Pet Mart	116 Ba Tháng Hai, Phường 12, Quận 10, TP. Hồ Chí Minh	02871069906	info@petmart.vn
3	AZPet	181/28 Phạm Ngũ Lão, Phường 1, Quận Gò Vấp, TP. Hồ Chí Minh	0902360336	contact@azpet.vn
4	Lolipet	27/9A Đường số 4, Phường Linh Tây, Quận Thủ Đức, TP. Hồ Chí Minh	0903618973	support@lolipet.vn
5	PetCity	250 Lý Chính Thắng, Phường 9, Quận 3, TP. Hồ Chí Minh	02871069909	info@petcity.vn
\.


--
-- Data for Name: services_service; Type: TABLE DATA; Schema: public; Owner: ntl411
--

COPY public.services_service (id, name, description, price, species_id, is_one_day) FROM stdin;
175294	Chăm sóc sắc đẹp	Dịch vụ chăm sóc sắc đẹp cho thú cưng của chúng tôi bao gồm tắm rửa, cắt tỉa lông, làm móng, vệ sinh tai và chăm sóc răng miệng. Chúng tôi sử dụng các sản phẩm chăm sóc thú cưng chất lượng cao và an toàn, kết hợp với kỹ thuật chuyên nghiệp để đảm bảo thú cưng của bạn không chỉ sạch sẽ mà còn xinh đẹp và thoải mái.	200000	6	t
475492	Vận chuyển thú cưng	Dịch vụ vận chuyển thú cưng của chúng tôi đảm bảo an toàn và tiện lợi cho thú cưng của bạn trong mọi hành trình. Chúng tôi cung cấp các phương tiện vận chuyển chuyên dụng, có điều hòa nhiệt độ và không gian thoải mái, giúp thú cưng của bạn có một chuyến đi êm ái và không căng thẳng. Đội ngũ tài xế giàu kinh nghiệm và yêu thương động vật của chúng tôi sẽ đảm bảo thú cưng của bạn được đưa đến địa điểm một cách an toàn và đúng giờ.	250000	5	t
221945	Dịch vụ dắt thú cưng đi dạo	Dịch vụ dắt thú cưng đi dạo là một loại dịch vụ mà các chuyên gia hoặc nhân viên được thuê để đưa chó hoặc các thú cưng khác ra ngoài đi dạo. đây là một giải pháp lý tưởng cho những người nuôi thú cưng nhưng không có đủ thời gian hoặc khả năng để tự mình làm việc này	40000	5	f
769868	Dịch vụ vắt tuyến hôi	Tuyến hôi thường nằm gần hậu môn ở kích thước nhỏ, và việc vắt tuyến giúp giảm mùi hôi tiết ra. điều này không chỉ làm cho không gian sống của thú cưng trở nên trong lành hơn mà còn tạo cảm giác thoải mái cho chúng.	250000	5	f
237767	Dịch vụ lấy cao răng	Lấy cao răng giúp loại bỏ những mảng bám dày và ngăn chặn sự tích tụ của chúng, giữ cho hơi thở của thú cưng luôn thoải mái và dễ chịu.	150000	5	f
986607	Chăm sóc sắc đẹp	Dịch vụ chăm sóc sắc đẹp cho thú cưng của chúng tôi bao gồm tắm rửa, cắt tỉa lông, làm móng, vệ sinh tai và chăm sóc răng miệng. Chúng tôi sử dụng các sản phẩm chăm sóc thú cưng chất lượng cao và an toàn, kết hợp với kỹ thuật chuyên nghiệp để đảm bảo thú cưng của bạn không chỉ sạch sẽ mà còn xinh đẹp và thoải mái.	220000	5	t
238107	Vận chuyển thú cưng	Dịch vụ vận chuyển thú cưng của chúng tôi đảm bảo an toàn và tiện lợi cho thú cưng của bạn trong mọi hành trình. Chúng tôi cung cấp các phương tiện vận chuyển chuyên dụng, có điều hòa nhiệt độ và không gian thoải mái, giúp thú cưng của bạn có một chuyến đi êm ái và không căng thẳng. Đội ngũ tài xế giàu kinh nghiệm và yêu thương động vật của chúng tôi sẽ đảm bảo thú cưng của bạn được đưa đến địa điểm một cách an toàn và đúng giờ.	200000	6	t
539019	Nuôi hộ thú cưng	Dịch vụ nuôi hộ thú cưng của chúng tôi cung cấp nơi ở thoải mái và an toàn cho thú cưng của bạn khi bạn đi công tác hoặc du lịch. Chúng tôi có những phòng riêng biệt, sạch sẽ và được trang bị đầy đủ tiện nghi, cùng với chế độ ăn uống và chăm sóc sức khỏe phù hợp cho từng loài thú cưng. Đội ngũ nhân viên giàu kinh nghiệm sẽ đảm bảo thú cưng của bạn luôn được chăm sóc tốt nhất.	170000	5	t
724753	Dịch vụ nhuộm lông cho thú cưng	Mang đến cho thú cưng một vẻ ngoài đẹp và phong cách ấn tượng, mà còn tạo ra sự độc đáo và cá nhân hóa	100000	6	f
188961	Dịch vụ nhuộm lông cho thú cưng	Mang đến cho thú cưng một vẻ ngoài đẹp và phong cách ấn tượng, mà còn tạo ra sự độc đáo và cá nhân hóa	150000	5	f
396125	Dịch vụ vắt tuyến hôi:	Tuyến hôi thường nằm gần hậu môn ở kích thước nhỏ, và việc vắt tuyến giúp giảm mùi hôi tiết ra. điều này không chỉ làm cho không gian sống của thú cưng trở nên trong lành hơn mà còn tạo cảm giác thoải mái cho chúng.	190000	6	f
742646	Huấn luyện thú cưng	Dịch vụ huấn luyện thú cưng của chúng tôi cung cấp các khóa huấn luyện chuyên nghiệp và hiệu quả, giúp thú cưng của bạn trở nên ngoan ngoãn và biết nghe lời.	850000	5	t
531642	Nuôi hộ thú cưng	Dịch vụ nuôi hộ thú cưng của chúng tôi cung cấp nơi ở thoải mái và an toàn cho thú cưng của bạn khi bạn đi công tác hoặc du lịch. Chúng tôi có những phòng riêng biệt, sạch sẽ và được trang bị đầy đủ tiện nghi, cùng với chế độ ăn uống và chăm sóc sức khỏe phù hợp cho từng loài thú cưng. Đội ngũ nhân viên giàu kinh nghiệm sẽ đảm bảo thú cưng của bạn luôn được chăm sóc tốt nhất.	150000	6	t
\.


--
-- Name: accounts_useraccount_groups_id_seq; Type: SEQUENCE SET; Schema: public; Owner: ntl411
--

SELECT pg_catalog.setval('public.accounts_useraccount_groups_id_seq', 1, false);


--
-- Name: accounts_useraccount_id_seq; Type: SEQUENCE SET; Schema: public; Owner: ntl411
--

SELECT pg_catalog.setval('public.accounts_useraccount_id_seq', 22, true);


--
-- Name: accounts_useraccount_user_permissions_id_seq; Type: SEQUENCE SET; Schema: public; Owner: ntl411
--

SELECT pg_catalog.setval('public.accounts_useraccount_user_permissions_id_seq', 1, false);


--
-- Name: auth_group_id_seq; Type: SEQUENCE SET; Schema: public; Owner: ntl411
--

SELECT pg_catalog.setval('public.auth_group_id_seq', 1, false);


--
-- Name: auth_group_permissions_id_seq; Type: SEQUENCE SET; Schema: public; Owner: ntl411
--

SELECT pg_catalog.setval('public.auth_group_permissions_id_seq', 1, false);


--
-- Name: auth_permission_id_seq; Type: SEQUENCE SET; Schema: public; Owner: ntl411
--

SELECT pg_catalog.setval('public.auth_permission_id_seq', 140, true);


--
-- Name: bill_productbillitem_id_seq; Type: SEQUENCE SET; Schema: public; Owner: ntl411
--

SELECT pg_catalog.setval('public.bill_productbillitem_id_seq', 35, true);


--
-- Name: bill_surcharge_id_seq; Type: SEQUENCE SET; Schema: public; Owner: ntl411
--

SELECT pg_catalog.setval('public.bill_surcharge_id_seq', 2, true);


--
-- Name: booking_diary_id_seq; Type: SEQUENCE SET; Schema: public; Owner: ntl411
--

SELECT pg_catalog.setval('public.booking_diary_id_seq', 74, true);


--
-- Name: booking_room_id_seq; Type: SEQUENCE SET; Schema: public; Owner: ntl411
--

SELECT pg_catalog.setval('public.booking_room_id_seq', 21, true);


--
-- Name: booking_subservicebooking_id_seq; Type: SEQUENCE SET; Schema: public; Owner: ntl411
--

SELECT pg_catalog.setval('public.booking_subservicebooking_id_seq', 13, true);


--
-- Name: consignment_caredetail_id_seq; Type: SEQUENCE SET; Schema: public; Owner: ntl411
--

SELECT pg_catalog.setval('public.consignment_caredetail_id_seq', 5, true);


--
-- Name: consignment_consignmentdiary_id_seq; Type: SEQUENCE SET; Schema: public; Owner: ntl411
--

SELECT pg_catalog.setval('public.consignment_consignmentdiary_id_seq', 32, true);


--
-- Name: consignment_servicepackagedetail_id_seq; Type: SEQUENCE SET; Schema: public; Owner: ntl411
--

SELECT pg_catalog.setval('public.consignment_servicepackagedetail_id_seq', 21, true);


--
-- Name: django_admin_log_id_seq; Type: SEQUENCE SET; Schema: public; Owner: ntl411
--

SELECT pg_catalog.setval('public.django_admin_log_id_seq', 18, true);


--
-- Name: django_content_type_id_seq; Type: SEQUENCE SET; Schema: public; Owner: ntl411
--

SELECT pg_catalog.setval('public.django_content_type_id_seq', 35, true);


--
-- Name: django_migrations_id_seq; Type: SEQUENCE SET; Schema: public; Owner: ntl411
--

SELECT pg_catalog.setval('public.django_migrations_id_seq', 93, true);


--
-- Name: employees_workschedule_id_seq; Type: SEQUENCE SET; Schema: public; Owner: ntl411
--

SELECT pg_catalog.setval('public.employees_workschedule_id_seq', 1, true);


--
-- Name: pets_species_id_seq; Type: SEQUENCE SET; Schema: public; Owner: ntl411
--

SELECT pg_catalog.setval('public.pets_species_id_seq', 6, true);


--
-- Name: products_category_id_seq; Type: SEQUENCE SET; Schema: public; Owner: ntl411
--

SELECT pg_catalog.setval('public.products_category_id_seq', 14, true);


--
-- Name: products_supplier_id_seq; Type: SEQUENCE SET; Schema: public; Owner: ntl411
--

SELECT pg_catalog.setval('public.products_supplier_id_seq', 5, true);


--
-- Name: accounts_useraccount accounts_useraccount_email_key; Type: CONSTRAINT; Schema: public; Owner: ntl411
--

ALTER TABLE ONLY public.accounts_useraccount
    ADD CONSTRAINT accounts_useraccount_email_key UNIQUE (email);


--
-- Name: accounts_useraccount_groups accounts_useraccount_gro_useraccount_id_group_id_9e1772b3_uniq; Type: CONSTRAINT; Schema: public; Owner: ntl411
--

ALTER TABLE ONLY public.accounts_useraccount_groups
    ADD CONSTRAINT accounts_useraccount_gro_useraccount_id_group_id_9e1772b3_uniq UNIQUE (useraccount_id, group_id);


--
-- Name: accounts_useraccount_groups accounts_useraccount_groups_pkey; Type: CONSTRAINT; Schema: public; Owner: ntl411
--

ALTER TABLE ONLY public.accounts_useraccount_groups
    ADD CONSTRAINT accounts_useraccount_groups_pkey PRIMARY KEY (id);


--
-- Name: accounts_useraccount accounts_useraccount_pkey; Type: CONSTRAINT; Schema: public; Owner: ntl411
--

ALTER TABLE ONLY public.accounts_useraccount
    ADD CONSTRAINT accounts_useraccount_pkey PRIMARY KEY (id);


--
-- Name: accounts_useraccount_user_permissions accounts_useraccount_use_useraccount_id_permissio_54014a73_uniq; Type: CONSTRAINT; Schema: public; Owner: ntl411
--

ALTER TABLE ONLY public.accounts_useraccount_user_permissions
    ADD CONSTRAINT accounts_useraccount_use_useraccount_id_permissio_54014a73_uniq UNIQUE (useraccount_id, permission_id);


--
-- Name: accounts_useraccount_user_permissions accounts_useraccount_user_permissions_pkey; Type: CONSTRAINT; Schema: public; Owner: ntl411
--

ALTER TABLE ONLY public.accounts_useraccount_user_permissions
    ADD CONSTRAINT accounts_useraccount_user_permissions_pkey PRIMARY KEY (id);


--
-- Name: auth_group auth_group_name_key; Type: CONSTRAINT; Schema: public; Owner: ntl411
--

ALTER TABLE ONLY public.auth_group
    ADD CONSTRAINT auth_group_name_key UNIQUE (name);


--
-- Name: auth_group_permissions auth_group_permissions_group_id_permission_id_0cd325b0_uniq; Type: CONSTRAINT; Schema: public; Owner: ntl411
--

ALTER TABLE ONLY public.auth_group_permissions
    ADD CONSTRAINT auth_group_permissions_group_id_permission_id_0cd325b0_uniq UNIQUE (group_id, permission_id);


--
-- Name: auth_group_permissions auth_group_permissions_pkey; Type: CONSTRAINT; Schema: public; Owner: ntl411
--

ALTER TABLE ONLY public.auth_group_permissions
    ADD CONSTRAINT auth_group_permissions_pkey PRIMARY KEY (id);


--
-- Name: auth_group auth_group_pkey; Type: CONSTRAINT; Schema: public; Owner: ntl411
--

ALTER TABLE ONLY public.auth_group
    ADD CONSTRAINT auth_group_pkey PRIMARY KEY (id);


--
-- Name: auth_permission auth_permission_content_type_id_codename_01ab375a_uniq; Type: CONSTRAINT; Schema: public; Owner: ntl411
--

ALTER TABLE ONLY public.auth_permission
    ADD CONSTRAINT auth_permission_content_type_id_codename_01ab375a_uniq UNIQUE (content_type_id, codename);


--
-- Name: auth_permission auth_permission_pkey; Type: CONSTRAINT; Schema: public; Owner: ntl411
--

ALTER TABLE ONLY public.auth_permission
    ADD CONSTRAINT auth_permission_pkey PRIMARY KEY (id);


--
-- Name: bill_productbill bill_productbill_pkey; Type: CONSTRAINT; Schema: public; Owner: ntl411
--

ALTER TABLE ONLY public.bill_productbill
    ADD CONSTRAINT bill_productbill_pkey PRIMARY KEY (id);


--
-- Name: bill_productbillitem bill_productbillitem_pkey; Type: CONSTRAINT; Schema: public; Owner: ntl411
--

ALTER TABLE ONLY public.bill_productbillitem
    ADD CONSTRAINT bill_productbillitem_pkey PRIMARY KEY (id);


--
-- Name: bill_servicebill bill_servicebill_pkey; Type: CONSTRAINT; Schema: public; Owner: ntl411
--

ALTER TABLE ONLY public.bill_servicebill
    ADD CONSTRAINT bill_servicebill_pkey PRIMARY KEY (id);


--
-- Name: bill_surcharge bill_surcharge_pkey; Type: CONSTRAINT; Schema: public; Owner: ntl411
--

ALTER TABLE ONLY public.bill_surcharge
    ADD CONSTRAINT bill_surcharge_pkey PRIMARY KEY (id);


--
-- Name: booking_diary booking_diary_pkey; Type: CONSTRAINT; Schema: public; Owner: ntl411
--

ALTER TABLE ONLY public.booking_diary
    ADD CONSTRAINT booking_diary_pkey PRIMARY KEY (id);


--
-- Name: booking_room booking_room_pkey; Type: CONSTRAINT; Schema: public; Owner: ntl411
--

ALTER TABLE ONLY public.booking_room
    ADD CONSTRAINT booking_room_pkey PRIMARY KEY (id);


--
-- Name: booking_servicebooking booking_servicebooking_pkey; Type: CONSTRAINT; Schema: public; Owner: ntl411
--

ALTER TABLE ONLY public.booking_servicebooking
    ADD CONSTRAINT booking_servicebooking_pkey PRIMARY KEY (id);


--
-- Name: booking_subservicebooking booking_subservicebooking_pkey; Type: CONSTRAINT; Schema: public; Owner: ntl411
--

ALTER TABLE ONLY public.booking_subservicebooking
    ADD CONSTRAINT booking_subservicebooking_pkey PRIMARY KEY (id);


--
-- Name: consignment_caredetail consignment_caredetail_pkey; Type: CONSTRAINT; Schema: public; Owner: ntl411
--

ALTER TABLE ONLY public.consignment_caredetail
    ADD CONSTRAINT consignment_caredetail_pkey PRIMARY KEY (id);


--
-- Name: consignment_consignment consignment_consignment_pkey; Type: CONSTRAINT; Schema: public; Owner: ntl411
--

ALTER TABLE ONLY public.consignment_consignment
    ADD CONSTRAINT consignment_consignment_pkey PRIMARY KEY (id);


--
-- Name: consignment_consignmentdetail consignment_consignmentdetail_pkey; Type: CONSTRAINT; Schema: public; Owner: ntl411
--

ALTER TABLE ONLY public.consignment_consignmentdetail
    ADD CONSTRAINT consignment_consignmentdetail_pkey PRIMARY KEY (id);


--
-- Name: consignment_consignmentdiary consignment_consignmentdiary_pkey; Type: CONSTRAINT; Schema: public; Owner: ntl411
--

ALTER TABLE ONLY public.consignment_consignmentdiary
    ADD CONSTRAINT consignment_consignmentdiary_pkey PRIMARY KEY (id);


--
-- Name: consignment_consignmentinvoice consignment_consignmentinvoice_pkey; Type: CONSTRAINT; Schema: public; Owner: ntl411
--

ALTER TABLE ONLY public.consignment_consignmentinvoice
    ADD CONSTRAINT consignment_consignmentinvoice_pkey PRIMARY KEY (id);


--
-- Name: consignment_providegoods consignment_providegoods_pkey; Type: CONSTRAINT; Schema: public; Owner: ntl411
--

ALTER TABLE ONLY public.consignment_providegoods
    ADD CONSTRAINT consignment_providegoods_pkey PRIMARY KEY (id);


--
-- Name: consignment_servicepackage consignment_servicepackage_pkey; Type: CONSTRAINT; Schema: public; Owner: ntl411
--

ALTER TABLE ONLY public.consignment_servicepackage
    ADD CONSTRAINT consignment_servicepackage_pkey PRIMARY KEY (id);


--
-- Name: consignment_servicepackagedetail consignment_servicepackagedetail_pkey; Type: CONSTRAINT; Schema: public; Owner: ntl411
--

ALTER TABLE ONLY public.consignment_servicepackagedetail
    ADD CONSTRAINT consignment_servicepackagedetail_pkey PRIMARY KEY (id);


--
-- Name: customers_customer customers_customer_pkey; Type: CONSTRAINT; Schema: public; Owner: ntl411
--

ALTER TABLE ONLY public.customers_customer
    ADD CONSTRAINT customers_customer_pkey PRIMARY KEY (id);


--
-- Name: django_admin_log django_admin_log_pkey; Type: CONSTRAINT; Schema: public; Owner: ntl411
--

ALTER TABLE ONLY public.django_admin_log
    ADD CONSTRAINT django_admin_log_pkey PRIMARY KEY (id);


--
-- Name: django_content_type django_content_type_app_label_model_76bd3d3b_uniq; Type: CONSTRAINT; Schema: public; Owner: ntl411
--

ALTER TABLE ONLY public.django_content_type
    ADD CONSTRAINT django_content_type_app_label_model_76bd3d3b_uniq UNIQUE (app_label, model);


--
-- Name: django_content_type django_content_type_pkey; Type: CONSTRAINT; Schema: public; Owner: ntl411
--

ALTER TABLE ONLY public.django_content_type
    ADD CONSTRAINT django_content_type_pkey PRIMARY KEY (id);


--
-- Name: django_migrations django_migrations_pkey; Type: CONSTRAINT; Schema: public; Owner: ntl411
--

ALTER TABLE ONLY public.django_migrations
    ADD CONSTRAINT django_migrations_pkey PRIMARY KEY (id);


--
-- Name: django_session django_session_pkey; Type: CONSTRAINT; Schema: public; Owner: ntl411
--

ALTER TABLE ONLY public.django_session
    ADD CONSTRAINT django_session_pkey PRIMARY KEY (session_key);


--
-- Name: employees_employee employees_employee_pkey; Type: CONSTRAINT; Schema: public; Owner: ntl411
--

ALTER TABLE ONLY public.employees_employee
    ADD CONSTRAINT employees_employee_pkey PRIMARY KEY (id);


--
-- Name: employees_workschedule employees_workschedule_pkey; Type: CONSTRAINT; Schema: public; Owner: ntl411
--

ALTER TABLE ONLY public.employees_workschedule
    ADD CONSTRAINT employees_workschedule_pkey PRIMARY KEY (id);


--
-- Name: pets_pet pets_pet_pkey; Type: CONSTRAINT; Schema: public; Owner: ntl411
--

ALTER TABLE ONLY public.pets_pet
    ADD CONSTRAINT pets_pet_pkey PRIMARY KEY (id);


--
-- Name: pets_species pets_species_pkey; Type: CONSTRAINT; Schema: public; Owner: ntl411
--

ALTER TABLE ONLY public.pets_species
    ADD CONSTRAINT pets_species_pkey PRIMARY KEY (id);


--
-- Name: products_category products_category_pkey; Type: CONSTRAINT; Schema: public; Owner: ntl411
--

ALTER TABLE ONLY public.products_category
    ADD CONSTRAINT products_category_pkey PRIMARY KEY (id);


--
-- Name: products_product products_product_pkey; Type: CONSTRAINT; Schema: public; Owner: ntl411
--

ALTER TABLE ONLY public.products_product
    ADD CONSTRAINT products_product_pkey PRIMARY KEY (id);


--
-- Name: products_supplier products_supplier_pkey; Type: CONSTRAINT; Schema: public; Owner: ntl411
--

ALTER TABLE ONLY public.products_supplier
    ADD CONSTRAINT products_supplier_pkey PRIMARY KEY (id);


--
-- Name: services_service services_service_pkey; Type: CONSTRAINT; Schema: public; Owner: ntl411
--

ALTER TABLE ONLY public.services_service
    ADD CONSTRAINT services_service_pkey PRIMARY KEY (id);


--
-- Name: accounts_useraccount_email_edd49186_like; Type: INDEX; Schema: public; Owner: ntl411
--

CREATE INDEX accounts_useraccount_email_edd49186_like ON public.accounts_useraccount USING btree (email varchar_pattern_ops);


--
-- Name: accounts_useraccount_groups_group_id_07495d90; Type: INDEX; Schema: public; Owner: ntl411
--

CREATE INDEX accounts_useraccount_groups_group_id_07495d90 ON public.accounts_useraccount_groups USING btree (group_id);


--
-- Name: accounts_useraccount_groups_useraccount_id_1eefb17f; Type: INDEX; Schema: public; Owner: ntl411
--

CREATE INDEX accounts_useraccount_groups_useraccount_id_1eefb17f ON public.accounts_useraccount_groups USING btree (useraccount_id);


--
-- Name: accounts_useraccount_user_permissions_permission_id_5751e5ed; Type: INDEX; Schema: public; Owner: ntl411
--

CREATE INDEX accounts_useraccount_user_permissions_permission_id_5751e5ed ON public.accounts_useraccount_user_permissions USING btree (permission_id);


--
-- Name: accounts_useraccount_user_permissions_useraccount_id_9ee22c82; Type: INDEX; Schema: public; Owner: ntl411
--

CREATE INDEX accounts_useraccount_user_permissions_useraccount_id_9ee22c82 ON public.accounts_useraccount_user_permissions USING btree (useraccount_id);


--
-- Name: auth_group_name_a6ea08ec_like; Type: INDEX; Schema: public; Owner: ntl411
--

CREATE INDEX auth_group_name_a6ea08ec_like ON public.auth_group USING btree (name varchar_pattern_ops);


--
-- Name: auth_group_permissions_group_id_b120cbf9; Type: INDEX; Schema: public; Owner: ntl411
--

CREATE INDEX auth_group_permissions_group_id_b120cbf9 ON public.auth_group_permissions USING btree (group_id);


--
-- Name: auth_group_permissions_permission_id_84c5c92e; Type: INDEX; Schema: public; Owner: ntl411
--

CREATE INDEX auth_group_permissions_permission_id_84c5c92e ON public.auth_group_permissions USING btree (permission_id);


--
-- Name: auth_permission_content_type_id_2f476e4b; Type: INDEX; Schema: public; Owner: ntl411
--

CREATE INDEX auth_permission_content_type_id_2f476e4b ON public.auth_permission USING btree (content_type_id);


--
-- Name: bill_productbill_customer_id_ef2c8030; Type: INDEX; Schema: public; Owner: ntl411
--

CREATE INDEX bill_productbill_customer_id_ef2c8030 ON public.bill_productbill USING btree (customer_id);


--
-- Name: bill_productbill_employee_id_68e19335; Type: INDEX; Schema: public; Owner: ntl411
--

CREATE INDEX bill_productbill_employee_id_68e19335 ON public.bill_productbill USING btree (employee_id);


--
-- Name: bill_productbillitem_bill_id_46807c5d; Type: INDEX; Schema: public; Owner: ntl411
--

CREATE INDEX bill_productbillitem_bill_id_46807c5d ON public.bill_productbillitem USING btree (bill_id);


--
-- Name: bill_productbillitem_product_id_78eeda2e; Type: INDEX; Schema: public; Owner: ntl411
--

CREATE INDEX bill_productbillitem_product_id_78eeda2e ON public.bill_productbillitem USING btree (product_id);


--
-- Name: bill_servicebill_booking_id_0c9b4786; Type: INDEX; Schema: public; Owner: ntl411
--

CREATE INDEX bill_servicebill_booking_id_0c9b4786 ON public.bill_servicebill USING btree (booking_id);


--
-- Name: bill_servicebill_employee_id_d59a2cc3; Type: INDEX; Schema: public; Owner: ntl411
--

CREATE INDEX bill_servicebill_employee_id_d59a2cc3 ON public.bill_servicebill USING btree (employee_id);


--
-- Name: bill_surcharge_bill_id_e389374c; Type: INDEX; Schema: public; Owner: ntl411
--

CREATE INDEX bill_surcharge_bill_id_e389374c ON public.bill_surcharge USING btree (bill_id);


--
-- Name: booking_diary_booking_id_63ffb0bc; Type: INDEX; Schema: public; Owner: ntl411
--

CREATE INDEX booking_diary_booking_id_63ffb0bc ON public.booking_diary USING btree (booking_id);


--
-- Name: booking_diary_employee_id_fe922dd7; Type: INDEX; Schema: public; Owner: ntl411
--

CREATE INDEX booking_diary_employee_id_fe922dd7 ON public.booking_diary USING btree (employee_id);


--
-- Name: booking_servicebooking_customer_id_0bc5e8a5; Type: INDEX; Schema: public; Owner: ntl411
--

CREATE INDEX booking_servicebooking_customer_id_0bc5e8a5 ON public.booking_servicebooking USING btree (customer_id);


--
-- Name: booking_servicebooking_pet_id_260f9114; Type: INDEX; Schema: public; Owner: ntl411
--

CREATE INDEX booking_servicebooking_pet_id_260f9114 ON public.booking_servicebooking USING btree (pet_id);


--
-- Name: booking_servicebooking_room_id_0727f14d; Type: INDEX; Schema: public; Owner: ntl411
--

CREATE INDEX booking_servicebooking_room_id_0727f14d ON public.booking_servicebooking USING btree (room_id);


--
-- Name: booking_servicebooking_service_id_e8e1415f; Type: INDEX; Schema: public; Owner: ntl411
--

CREATE INDEX booking_servicebooking_service_id_e8e1415f ON public.booking_servicebooking USING btree (service_id);


--
-- Name: booking_subservicebooking_booking_id_cba8c671; Type: INDEX; Schema: public; Owner: ntl411
--

CREATE INDEX booking_subservicebooking_booking_id_cba8c671 ON public.booking_subservicebooking USING btree (booking_id);


--
-- Name: booking_subservicebooking_service_id_e01cebe1; Type: INDEX; Schema: public; Owner: ntl411
--

CREATE INDEX booking_subservicebooking_service_id_e01cebe1 ON public.booking_subservicebooking USING btree (service_id);


--
-- Name: consignment_caredetail_con_detail_id_293894f8; Type: INDEX; Schema: public; Owner: ntl411
--

CREATE INDEX consignment_caredetail_con_detail_id_293894f8 ON public.consignment_caredetail USING btree (con_detail_id);


--
-- Name: consignment_caredetail_employee_id_b2b24910; Type: INDEX; Schema: public; Owner: ntl411
--

CREATE INDEX consignment_caredetail_employee_id_b2b24910 ON public.consignment_caredetail USING btree (employee_id);


--
-- Name: consignment_caredetail_goods_id_0341ed7d; Type: INDEX; Schema: public; Owner: ntl411
--

CREATE INDEX consignment_caredetail_goods_id_0341ed7d ON public.consignment_caredetail USING btree (goods_id);


--
-- Name: consignment_consignment_customer_id_a136ea55; Type: INDEX; Schema: public; Owner: ntl411
--

CREATE INDEX consignment_consignment_customer_id_a136ea55 ON public.consignment_consignment USING btree (customer_id);


--
-- Name: consignment_consignment_employee_id_69aaa898; Type: INDEX; Schema: public; Owner: ntl411
--

CREATE INDEX consignment_consignment_employee_id_69aaa898 ON public.consignment_consignment USING btree (employee_id);


--
-- Name: consignment_consignmentdetail_consignment_id_5bd9e39f; Type: INDEX; Schema: public; Owner: ntl411
--

CREATE INDEX consignment_consignmentdetail_consignment_id_5bd9e39f ON public.consignment_consignmentdetail USING btree (consignment_id);


--
-- Name: consignment_consignmentdetail_package_id_15119865; Type: INDEX; Schema: public; Owner: ntl411
--

CREATE INDEX consignment_consignmentdetail_package_id_15119865 ON public.consignment_consignmentdetail USING btree (package_id);


--
-- Name: consignment_consignmentdetail_pet_id_eefa754a; Type: INDEX; Schema: public; Owner: ntl411
--

CREATE INDEX consignment_consignmentdetail_pet_id_eefa754a ON public.consignment_consignmentdetail USING btree (pet_id);


--
-- Name: consignment_consignmentdetail_room_id_4b3b3e83; Type: INDEX; Schema: public; Owner: ntl411
--

CREATE INDEX consignment_consignmentdetail_room_id_4b3b3e83 ON public.consignment_consignmentdetail USING btree (room_id);


--
-- Name: consignment_consignmentdiary_con_detail_id_7b256472; Type: INDEX; Schema: public; Owner: ntl411
--

CREATE INDEX consignment_consignmentdiary_con_detail_id_7b256472 ON public.consignment_consignmentdiary USING btree (con_detail_id);


--
-- Name: consignment_consignmentdiary_employee_id_768beab9; Type: INDEX; Schema: public; Owner: ntl411
--

CREATE INDEX consignment_consignmentdiary_employee_id_768beab9 ON public.consignment_consignmentdiary USING btree (employee_id);


--
-- Name: consignment_consignmentinvoice_con_detail_id_781b9bc6; Type: INDEX; Schema: public; Owner: ntl411
--

CREATE INDEX consignment_consignmentinvoice_con_detail_id_781b9bc6 ON public.consignment_consignmentinvoice USING btree (con_detail_id);


--
-- Name: consignment_consignmentinvoice_employee_id_86fb4c44; Type: INDEX; Schema: public; Owner: ntl411
--

CREATE INDEX consignment_consignmentinvoice_employee_id_86fb4c44 ON public.consignment_consignmentinvoice USING btree (employee_id);


--
-- Name: consignment_servicepackagedetail_goods_id_90a34abe; Type: INDEX; Schema: public; Owner: ntl411
--

CREATE INDEX consignment_servicepackagedetail_goods_id_90a34abe ON public.consignment_servicepackagedetail USING btree (goods_id);


--
-- Name: consignment_servicepackagedetail_package_id_5dea4344; Type: INDEX; Schema: public; Owner: ntl411
--

CREATE INDEX consignment_servicepackagedetail_package_id_5dea4344 ON public.consignment_servicepackagedetail USING btree (package_id);


--
-- Name: customers_customer_account_id_c02eff1d; Type: INDEX; Schema: public; Owner: ntl411
--

CREATE INDEX customers_customer_account_id_c02eff1d ON public.customers_customer USING btree (account_id);


--
-- Name: django_admin_log_content_type_id_c4bce8eb; Type: INDEX; Schema: public; Owner: ntl411
--

CREATE INDEX django_admin_log_content_type_id_c4bce8eb ON public.django_admin_log USING btree (content_type_id);


--
-- Name: django_admin_log_user_id_c564eba6; Type: INDEX; Schema: public; Owner: ntl411
--

CREATE INDEX django_admin_log_user_id_c564eba6 ON public.django_admin_log USING btree (user_id);


--
-- Name: django_session_expire_date_a5c62663; Type: INDEX; Schema: public; Owner: ntl411
--

CREATE INDEX django_session_expire_date_a5c62663 ON public.django_session USING btree (expire_date);


--
-- Name: django_session_session_key_c0390e0f_like; Type: INDEX; Schema: public; Owner: ntl411
--

CREATE INDEX django_session_session_key_c0390e0f_like ON public.django_session USING btree (session_key varchar_pattern_ops);


--
-- Name: employees_employee_account_id_67fb0fd0; Type: INDEX; Schema: public; Owner: ntl411
--

CREATE INDEX employees_employee_account_id_67fb0fd0 ON public.employees_employee USING btree (account_id);


--
-- Name: employees_workschedule_employee_id_53d311a0; Type: INDEX; Schema: public; Owner: ntl411
--

CREATE INDEX employees_workschedule_employee_id_53d311a0 ON public.employees_workschedule USING btree (employee_id);


--
-- Name: pets_pet_owner_id_ed468d8b; Type: INDEX; Schema: public; Owner: ntl411
--

CREATE INDEX pets_pet_owner_id_ed468d8b ON public.pets_pet USING btree (owner_id);


--
-- Name: pets_pet_species_id_edc9a9ee; Type: INDEX; Schema: public; Owner: ntl411
--

CREATE INDEX pets_pet_species_id_edc9a9ee ON public.pets_pet USING btree (species_id);


--
-- Name: products_product_category_id_9b594869; Type: INDEX; Schema: public; Owner: ntl411
--

CREATE INDEX products_product_category_id_9b594869 ON public.products_product USING btree (category_id);


--
-- Name: products_product_species_id_05654bec; Type: INDEX; Schema: public; Owner: ntl411
--

CREATE INDEX products_product_species_id_05654bec ON public.products_product USING btree (species_id);


--
-- Name: products_product_supplier_id_b9ff64a9; Type: INDEX; Schema: public; Owner: ntl411
--

CREATE INDEX products_product_supplier_id_b9ff64a9 ON public.products_product USING btree (supplier_id);


--
-- Name: services_service_species_id_1eb32667; Type: INDEX; Schema: public; Owner: ntl411
--

CREATE INDEX services_service_species_id_1eb32667 ON public.services_service USING btree (species_id);


--
-- Name: accounts_useraccount_groups accounts_useraccount_groups_group_id_07495d90_fk_auth_group_id; Type: FK CONSTRAINT; Schema: public; Owner: ntl411
--

ALTER TABLE ONLY public.accounts_useraccount_groups
    ADD CONSTRAINT accounts_useraccount_groups_group_id_07495d90_fk_auth_group_id FOREIGN KEY (group_id) REFERENCES public.auth_group(id) DEFERRABLE INITIALLY DEFERRED;


--
-- Name: accounts_useraccount_user_permissions accounts_useraccount_permission_id_5751e5ed_fk_auth_perm; Type: FK CONSTRAINT; Schema: public; Owner: ntl411
--

ALTER TABLE ONLY public.accounts_useraccount_user_permissions
    ADD CONSTRAINT accounts_useraccount_permission_id_5751e5ed_fk_auth_perm FOREIGN KEY (permission_id) REFERENCES public.auth_permission(id) DEFERRABLE INITIALLY DEFERRED;


--
-- Name: accounts_useraccount_groups accounts_useraccount_useraccount_id_1eefb17f_fk_accounts_; Type: FK CONSTRAINT; Schema: public; Owner: ntl411
--

ALTER TABLE ONLY public.accounts_useraccount_groups
    ADD CONSTRAINT accounts_useraccount_useraccount_id_1eefb17f_fk_accounts_ FOREIGN KEY (useraccount_id) REFERENCES public.accounts_useraccount(id) DEFERRABLE INITIALLY DEFERRED;


--
-- Name: accounts_useraccount_user_permissions accounts_useraccount_useraccount_id_9ee22c82_fk_accounts_; Type: FK CONSTRAINT; Schema: public; Owner: ntl411
--

ALTER TABLE ONLY public.accounts_useraccount_user_permissions
    ADD CONSTRAINT accounts_useraccount_useraccount_id_9ee22c82_fk_accounts_ FOREIGN KEY (useraccount_id) REFERENCES public.accounts_useraccount(id) DEFERRABLE INITIALLY DEFERRED;


--
-- Name: auth_group_permissions auth_group_permissio_permission_id_84c5c92e_fk_auth_perm; Type: FK CONSTRAINT; Schema: public; Owner: ntl411
--

ALTER TABLE ONLY public.auth_group_permissions
    ADD CONSTRAINT auth_group_permissio_permission_id_84c5c92e_fk_auth_perm FOREIGN KEY (permission_id) REFERENCES public.auth_permission(id) DEFERRABLE INITIALLY DEFERRED;


--
-- Name: auth_group_permissions auth_group_permissions_group_id_b120cbf9_fk_auth_group_id; Type: FK CONSTRAINT; Schema: public; Owner: ntl411
--

ALTER TABLE ONLY public.auth_group_permissions
    ADD CONSTRAINT auth_group_permissions_group_id_b120cbf9_fk_auth_group_id FOREIGN KEY (group_id) REFERENCES public.auth_group(id) DEFERRABLE INITIALLY DEFERRED;


--
-- Name: auth_permission auth_permission_content_type_id_2f476e4b_fk_django_co; Type: FK CONSTRAINT; Schema: public; Owner: ntl411
--

ALTER TABLE ONLY public.auth_permission
    ADD CONSTRAINT auth_permission_content_type_id_2f476e4b_fk_django_co FOREIGN KEY (content_type_id) REFERENCES public.django_content_type(id) DEFERRABLE INITIALLY DEFERRED;


--
-- Name: bill_productbill bill_productbill_customer_id_ef2c8030_fk_customers_customer_id; Type: FK CONSTRAINT; Schema: public; Owner: ntl411
--

ALTER TABLE ONLY public.bill_productbill
    ADD CONSTRAINT bill_productbill_customer_id_ef2c8030_fk_customers_customer_id FOREIGN KEY (customer_id) REFERENCES public.customers_customer(id) DEFERRABLE INITIALLY DEFERRED;


--
-- Name: bill_productbill bill_productbill_employee_id_68e19335_fk_employees_employee_id; Type: FK CONSTRAINT; Schema: public; Owner: ntl411
--

ALTER TABLE ONLY public.bill_productbill
    ADD CONSTRAINT bill_productbill_employee_id_68e19335_fk_employees_employee_id FOREIGN KEY (employee_id) REFERENCES public.employees_employee(id) DEFERRABLE INITIALLY DEFERRED;


--
-- Name: bill_productbillitem bill_productbillitem_bill_id_46807c5d_fk_bill_productbill_id; Type: FK CONSTRAINT; Schema: public; Owner: ntl411
--

ALTER TABLE ONLY public.bill_productbillitem
    ADD CONSTRAINT bill_productbillitem_bill_id_46807c5d_fk_bill_productbill_id FOREIGN KEY (bill_id) REFERENCES public.bill_productbill(id) DEFERRABLE INITIALLY DEFERRED;


--
-- Name: bill_productbillitem bill_productbillitem_product_id_78eeda2e_fk_products_product_id; Type: FK CONSTRAINT; Schema: public; Owner: ntl411
--

ALTER TABLE ONLY public.bill_productbillitem
    ADD CONSTRAINT bill_productbillitem_product_id_78eeda2e_fk_products_product_id FOREIGN KEY (product_id) REFERENCES public.products_product(id) DEFERRABLE INITIALLY DEFERRED;


--
-- Name: bill_servicebill bill_servicebill_booking_id_0c9b4786_fk_booking_s; Type: FK CONSTRAINT; Schema: public; Owner: ntl411
--

ALTER TABLE ONLY public.bill_servicebill
    ADD CONSTRAINT bill_servicebill_booking_id_0c9b4786_fk_booking_s FOREIGN KEY (booking_id) REFERENCES public.booking_servicebooking(id) DEFERRABLE INITIALLY DEFERRED;


--
-- Name: bill_servicebill bill_servicebill_employee_id_d59a2cc3_fk_employees_employee_id; Type: FK CONSTRAINT; Schema: public; Owner: ntl411
--

ALTER TABLE ONLY public.bill_servicebill
    ADD CONSTRAINT bill_servicebill_employee_id_d59a2cc3_fk_employees_employee_id FOREIGN KEY (employee_id) REFERENCES public.employees_employee(id) DEFERRABLE INITIALLY DEFERRED;


--
-- Name: bill_surcharge bill_surcharge_bill_id_e389374c_fk_bill_servicebill_id; Type: FK CONSTRAINT; Schema: public; Owner: ntl411
--

ALTER TABLE ONLY public.bill_surcharge
    ADD CONSTRAINT bill_surcharge_bill_id_e389374c_fk_bill_servicebill_id FOREIGN KEY (bill_id) REFERENCES public.bill_servicebill(id) DEFERRABLE INITIALLY DEFERRED;


--
-- Name: booking_diary booking_diary_booking_id_63ffb0bc_fk_booking_servicebooking_id; Type: FK CONSTRAINT; Schema: public; Owner: ntl411
--

ALTER TABLE ONLY public.booking_diary
    ADD CONSTRAINT booking_diary_booking_id_63ffb0bc_fk_booking_servicebooking_id FOREIGN KEY (booking_id) REFERENCES public.booking_servicebooking(id) DEFERRABLE INITIALLY DEFERRED;


--
-- Name: booking_diary booking_diary_employee_id_fe922dd7_fk_employees_employee_id; Type: FK CONSTRAINT; Schema: public; Owner: ntl411
--

ALTER TABLE ONLY public.booking_diary
    ADD CONSTRAINT booking_diary_employee_id_fe922dd7_fk_employees_employee_id FOREIGN KEY (employee_id) REFERENCES public.employees_employee(id) DEFERRABLE INITIALLY DEFERRED;


--
-- Name: booking_servicebooking booking_servicebooki_customer_id_0bc5e8a5_fk_customers; Type: FK CONSTRAINT; Schema: public; Owner: ntl411
--

ALTER TABLE ONLY public.booking_servicebooking
    ADD CONSTRAINT booking_servicebooki_customer_id_0bc5e8a5_fk_customers FOREIGN KEY (customer_id) REFERENCES public.customers_customer(id) DEFERRABLE INITIALLY DEFERRED;


--
-- Name: booking_servicebooking booking_servicebooki_service_id_e8e1415f_fk_services_; Type: FK CONSTRAINT; Schema: public; Owner: ntl411
--

ALTER TABLE ONLY public.booking_servicebooking
    ADD CONSTRAINT booking_servicebooki_service_id_e8e1415f_fk_services_ FOREIGN KEY (service_id) REFERENCES public.services_service(id) DEFERRABLE INITIALLY DEFERRED;


--
-- Name: booking_servicebooking booking_servicebooking_pet_id_260f9114_fk_pets_pet_id; Type: FK CONSTRAINT; Schema: public; Owner: ntl411
--

ALTER TABLE ONLY public.booking_servicebooking
    ADD CONSTRAINT booking_servicebooking_pet_id_260f9114_fk_pets_pet_id FOREIGN KEY (pet_id) REFERENCES public.pets_pet(id) DEFERRABLE INITIALLY DEFERRED;


--
-- Name: booking_servicebooking booking_servicebooking_room_id_0727f14d_fk_booking_room_id; Type: FK CONSTRAINT; Schema: public; Owner: ntl411
--

ALTER TABLE ONLY public.booking_servicebooking
    ADD CONSTRAINT booking_servicebooking_room_id_0727f14d_fk_booking_room_id FOREIGN KEY (room_id) REFERENCES public.booking_room(id) DEFERRABLE INITIALLY DEFERRED;


--
-- Name: booking_subservicebooking booking_subservicebo_booking_id_cba8c671_fk_booking_s; Type: FK CONSTRAINT; Schema: public; Owner: ntl411
--

ALTER TABLE ONLY public.booking_subservicebooking
    ADD CONSTRAINT booking_subservicebo_booking_id_cba8c671_fk_booking_s FOREIGN KEY (booking_id) REFERENCES public.booking_servicebooking(id) DEFERRABLE INITIALLY DEFERRED;


--
-- Name: booking_subservicebooking booking_subservicebo_service_id_e01cebe1_fk_services_; Type: FK CONSTRAINT; Schema: public; Owner: ntl411
--

ALTER TABLE ONLY public.booking_subservicebooking
    ADD CONSTRAINT booking_subservicebo_service_id_e01cebe1_fk_services_ FOREIGN KEY (service_id) REFERENCES public.services_service(id) DEFERRABLE INITIALLY DEFERRED;


--
-- Name: consignment_caredetail consignment_caredeta_con_detail_id_293894f8_fk_consignme; Type: FK CONSTRAINT; Schema: public; Owner: ntl411
--

ALTER TABLE ONLY public.consignment_caredetail
    ADD CONSTRAINT consignment_caredeta_con_detail_id_293894f8_fk_consignme FOREIGN KEY (con_detail_id) REFERENCES public.consignment_consignmentdetail(id) DEFERRABLE INITIALLY DEFERRED;


--
-- Name: consignment_caredetail consignment_caredeta_employee_id_b2b24910_fk_employees; Type: FK CONSTRAINT; Schema: public; Owner: ntl411
--

ALTER TABLE ONLY public.consignment_caredetail
    ADD CONSTRAINT consignment_caredeta_employee_id_b2b24910_fk_employees FOREIGN KEY (employee_id) REFERENCES public.employees_employee(id) DEFERRABLE INITIALLY DEFERRED;


--
-- Name: consignment_caredetail consignment_caredeta_goods_id_0341ed7d_fk_consignme; Type: FK CONSTRAINT; Schema: public; Owner: ntl411
--

ALTER TABLE ONLY public.consignment_caredetail
    ADD CONSTRAINT consignment_caredeta_goods_id_0341ed7d_fk_consignme FOREIGN KEY (goods_id) REFERENCES public.consignment_providegoods(id) DEFERRABLE INITIALLY DEFERRED;


--
-- Name: consignment_consignmentinvoice consignment_consignm_con_detail_id_781b9bc6_fk_consignme; Type: FK CONSTRAINT; Schema: public; Owner: ntl411
--

ALTER TABLE ONLY public.consignment_consignmentinvoice
    ADD CONSTRAINT consignment_consignm_con_detail_id_781b9bc6_fk_consignme FOREIGN KEY (con_detail_id) REFERENCES public.consignment_consignmentdetail(id) DEFERRABLE INITIALLY DEFERRED;


--
-- Name: consignment_consignmentdiary consignment_consignm_con_detail_id_7b256472_fk_consignme; Type: FK CONSTRAINT; Schema: public; Owner: ntl411
--

ALTER TABLE ONLY public.consignment_consignmentdiary
    ADD CONSTRAINT consignment_consignm_con_detail_id_7b256472_fk_consignme FOREIGN KEY (con_detail_id) REFERENCES public.consignment_consignmentdetail(id) DEFERRABLE INITIALLY DEFERRED;


--
-- Name: consignment_consignmentdetail consignment_consignm_consignment_id_5bd9e39f_fk_consignme; Type: FK CONSTRAINT; Schema: public; Owner: ntl411
--

ALTER TABLE ONLY public.consignment_consignmentdetail
    ADD CONSTRAINT consignment_consignm_consignment_id_5bd9e39f_fk_consignme FOREIGN KEY (consignment_id) REFERENCES public.consignment_consignment(id) DEFERRABLE INITIALLY DEFERRED;


--
-- Name: consignment_consignment consignment_consignm_customer_id_a136ea55_fk_customers; Type: FK CONSTRAINT; Schema: public; Owner: ntl411
--

ALTER TABLE ONLY public.consignment_consignment
    ADD CONSTRAINT consignment_consignm_customer_id_a136ea55_fk_customers FOREIGN KEY (customer_id) REFERENCES public.customers_customer(id) DEFERRABLE INITIALLY DEFERRED;


--
-- Name: consignment_consignment consignment_consignm_employee_id_69aaa898_fk_employees; Type: FK CONSTRAINT; Schema: public; Owner: ntl411
--

ALTER TABLE ONLY public.consignment_consignment
    ADD CONSTRAINT consignment_consignm_employee_id_69aaa898_fk_employees FOREIGN KEY (employee_id) REFERENCES public.employees_employee(id) DEFERRABLE INITIALLY DEFERRED;


--
-- Name: consignment_consignmentdiary consignment_consignm_employee_id_768beab9_fk_employees; Type: FK CONSTRAINT; Schema: public; Owner: ntl411
--

ALTER TABLE ONLY public.consignment_consignmentdiary
    ADD CONSTRAINT consignment_consignm_employee_id_768beab9_fk_employees FOREIGN KEY (employee_id) REFERENCES public.employees_employee(id) DEFERRABLE INITIALLY DEFERRED;


--
-- Name: consignment_consignmentinvoice consignment_consignm_employee_id_86fb4c44_fk_employees; Type: FK CONSTRAINT; Schema: public; Owner: ntl411
--

ALTER TABLE ONLY public.consignment_consignmentinvoice
    ADD CONSTRAINT consignment_consignm_employee_id_86fb4c44_fk_employees FOREIGN KEY (employee_id) REFERENCES public.employees_employee(id) DEFERRABLE INITIALLY DEFERRED;


--
-- Name: consignment_consignmentdetail consignment_consignm_package_id_15119865_fk_consignme; Type: FK CONSTRAINT; Schema: public; Owner: ntl411
--

ALTER TABLE ONLY public.consignment_consignmentdetail
    ADD CONSTRAINT consignment_consignm_package_id_15119865_fk_consignme FOREIGN KEY (package_id) REFERENCES public.consignment_servicepackage(id) DEFERRABLE INITIALLY DEFERRED;


--
-- Name: consignment_consignmentdetail consignment_consignm_room_id_4b3b3e83_fk_booking_r; Type: FK CONSTRAINT; Schema: public; Owner: ntl411
--

ALTER TABLE ONLY public.consignment_consignmentdetail
    ADD CONSTRAINT consignment_consignm_room_id_4b3b3e83_fk_booking_r FOREIGN KEY (room_id) REFERENCES public.booking_room(id) DEFERRABLE INITIALLY DEFERRED;


--
-- Name: consignment_consignmentdetail consignment_consignmentdetail_pet_id_eefa754a_fk_pets_pet_id; Type: FK CONSTRAINT; Schema: public; Owner: ntl411
--

ALTER TABLE ONLY public.consignment_consignmentdetail
    ADD CONSTRAINT consignment_consignmentdetail_pet_id_eefa754a_fk_pets_pet_id FOREIGN KEY (pet_id) REFERENCES public.pets_pet(id) DEFERRABLE INITIALLY DEFERRED;


--
-- Name: consignment_servicepackagedetail consignment_servicep_goods_id_90a34abe_fk_consignme; Type: FK CONSTRAINT; Schema: public; Owner: ntl411
--

ALTER TABLE ONLY public.consignment_servicepackagedetail
    ADD CONSTRAINT consignment_servicep_goods_id_90a34abe_fk_consignme FOREIGN KEY (goods_id) REFERENCES public.consignment_providegoods(id) DEFERRABLE INITIALLY DEFERRED;


--
-- Name: consignment_servicepackagedetail consignment_servicep_package_id_5dea4344_fk_consignme; Type: FK CONSTRAINT; Schema: public; Owner: ntl411
--

ALTER TABLE ONLY public.consignment_servicepackagedetail
    ADD CONSTRAINT consignment_servicep_package_id_5dea4344_fk_consignme FOREIGN KEY (package_id) REFERENCES public.consignment_servicepackage(id) DEFERRABLE INITIALLY DEFERRED;


--
-- Name: customers_customer customers_customer_account_id_c02eff1d_fk_accounts_; Type: FK CONSTRAINT; Schema: public; Owner: ntl411
--

ALTER TABLE ONLY public.customers_customer
    ADD CONSTRAINT customers_customer_account_id_c02eff1d_fk_accounts_ FOREIGN KEY (account_id) REFERENCES public.accounts_useraccount(id) DEFERRABLE INITIALLY DEFERRED;


--
-- Name: django_admin_log django_admin_log_content_type_id_c4bce8eb_fk_django_co; Type: FK CONSTRAINT; Schema: public; Owner: ntl411
--

ALTER TABLE ONLY public.django_admin_log
    ADD CONSTRAINT django_admin_log_content_type_id_c4bce8eb_fk_django_co FOREIGN KEY (content_type_id) REFERENCES public.django_content_type(id) DEFERRABLE INITIALLY DEFERRED;


--
-- Name: django_admin_log django_admin_log_user_id_c564eba6_fk_accounts_useraccount_id; Type: FK CONSTRAINT; Schema: public; Owner: ntl411
--

ALTER TABLE ONLY public.django_admin_log
    ADD CONSTRAINT django_admin_log_user_id_c564eba6_fk_accounts_useraccount_id FOREIGN KEY (user_id) REFERENCES public.accounts_useraccount(id) DEFERRABLE INITIALLY DEFERRED;


--
-- Name: employees_employee employees_employee_account_id_67fb0fd0_fk_accounts_; Type: FK CONSTRAINT; Schema: public; Owner: ntl411
--

ALTER TABLE ONLY public.employees_employee
    ADD CONSTRAINT employees_employee_account_id_67fb0fd0_fk_accounts_ FOREIGN KEY (account_id) REFERENCES public.accounts_useraccount(id) DEFERRABLE INITIALLY DEFERRED;


--
-- Name: employees_workschedule employees_workschedu_employee_id_53d311a0_fk_employees; Type: FK CONSTRAINT; Schema: public; Owner: ntl411
--

ALTER TABLE ONLY public.employees_workschedule
    ADD CONSTRAINT employees_workschedu_employee_id_53d311a0_fk_employees FOREIGN KEY (employee_id) REFERENCES public.employees_employee(id) DEFERRABLE INITIALLY DEFERRED;


--
-- Name: pets_pet pets_pet_owner_id_ed468d8b_fk_customers_customer_id; Type: FK CONSTRAINT; Schema: public; Owner: ntl411
--

ALTER TABLE ONLY public.pets_pet
    ADD CONSTRAINT pets_pet_owner_id_ed468d8b_fk_customers_customer_id FOREIGN KEY (owner_id) REFERENCES public.customers_customer(id) DEFERRABLE INITIALLY DEFERRED;


--
-- Name: pets_pet pets_pet_species_id_edc9a9ee_fk_pets_species_id; Type: FK CONSTRAINT; Schema: public; Owner: ntl411
--

ALTER TABLE ONLY public.pets_pet
    ADD CONSTRAINT pets_pet_species_id_edc9a9ee_fk_pets_species_id FOREIGN KEY (species_id) REFERENCES public.pets_species(id) DEFERRABLE INITIALLY DEFERRED;


--
-- Name: products_product products_product_category_id_9b594869_fk_products_category_id; Type: FK CONSTRAINT; Schema: public; Owner: ntl411
--

ALTER TABLE ONLY public.products_product
    ADD CONSTRAINT products_product_category_id_9b594869_fk_products_category_id FOREIGN KEY (category_id) REFERENCES public.products_category(id) DEFERRABLE INITIALLY DEFERRED;


--
-- Name: products_product products_product_species_id_05654bec_fk_pets_species_id; Type: FK CONSTRAINT; Schema: public; Owner: ntl411
--

ALTER TABLE ONLY public.products_product
    ADD CONSTRAINT products_product_species_id_05654bec_fk_pets_species_id FOREIGN KEY (species_id) REFERENCES public.pets_species(id) DEFERRABLE INITIALLY DEFERRED;


--
-- Name: products_product products_product_supplier_id_b9ff64a9_fk_products_supplier_id; Type: FK CONSTRAINT; Schema: public; Owner: ntl411
--

ALTER TABLE ONLY public.products_product
    ADD CONSTRAINT products_product_supplier_id_b9ff64a9_fk_products_supplier_id FOREIGN KEY (supplier_id) REFERENCES public.products_supplier(id) DEFERRABLE INITIALLY DEFERRED;


--
-- Name: services_service services_service_species_id_1eb32667_fk_pets_species_id; Type: FK CONSTRAINT; Schema: public; Owner: ntl411
--

ALTER TABLE ONLY public.services_service
    ADD CONSTRAINT services_service_species_id_1eb32667_fk_pets_species_id FOREIGN KEY (species_id) REFERENCES public.pets_species(id) DEFERRABLE INITIALLY DEFERRED;


--
-- PostgreSQL database dump complete
--

